SEX,AGE,CATTEL,PATTER_COMPL,PAP_FOLD,NUMB_SERIES,MENTAL_COUNTERS,N_BACK,SSPAN,CSSPAN,CHANGE_DET_COL,CHANGE_DET__FIG,CHANGE_DET__LET, CHANGE_DETECTION_MEAN ,CRT_ARR,CRT_LET,CRT_DIG,ICO_FIG,ICO_LET,ICO_COL,FD_SIZ,FD_ORIENT,FD_BRI,FM_SIZ,FM_ORIENT,FM_BRI,NUMER16/36,NUMERS28/60,NUMERS8/20,IT_CIR,IT_LIN,IT_SQU,TOJ_DIS,TOJ_APP,DD_EMPTY,DD_FILLED,ICO_FIG_TRAIN,ICO_LET_TRAIN,ICO_COL_TRAIN,FD_SIZ_TRAIN,FD_ROT_TRAIN,FD_BRI_TRAIN,FR_SIZ_TRAIN,FR_ROT_TRAIN,FR_BRI_TRAIN,NUMER/36_TRAIN,NUMER/60_TRAIN,NUMER/20_TRAIN,TOJ_DIS_TRAIN,TOJ_APP_TRAIN,DD_EMPTY_TRAIN,DD_FILLED_TRAIN,IT_CIR_TRAIN,IT_LIN_TRAIN,IT_SQU_TRAIN
F,27,27,8,8,9,0.04,0.53,0.43,0.61,1.75,1.60,3.00,2.12,-483,-640,-499,4.86,2.63,4.29,-2.75,-5.00,-4.50,-16.75,-14.75,-35.00,0.91,0.79,0.89,-152.00,-86.00,-65.00,-19.25,-62.13,-168.00,-108.50,0.83,0.67,0.83,0.79,0.83,0.83,0.88,0.83,0.71,0.75,0.88,0.96,1.00,0.92,0.83,0.92,0.88,1.00,0.92
M,24,26,7,8,7,0.05,0.23,0.33,0.50,1.60,0.50,2.60,1.57,-579,-650,-539,3.88,5.00,4.50,-2.63,-1.75,-4.00,-14.75,-10.25,-25.75,0.61,0.67,0.62,-149.00,-102.00,-92.00,-45.50,-112.88,-168.58,-182.29,0.83,0.61,0.83,0.71,0.63,0.96,0.79,0.92,0.67,0.88,0.79,0.75,0.92,0.63,0.46,0.67,0.88,0.83,0.92
F,21,33,12,11,11,0.34,0.53,0.66,0.88,5.30,2.90,4.10,4.08,-474,-559,-489,7.88,7.50,7.13,-1.13,-0.88,-4.13,-6.25,-10.25,-19.50,0.76,0.64,0.84,-127.00,-228.00,-123.00,-35.00,-45.50,-168.00,-103.25,0.89,0.78,0.72,0.96,0.88,0.92,1.00,0.96,0.83,0.67,0.75,0.88,0.92,0.92,0.88,0.71,0.50,0.46,0.92
F,21,17,7,10,10,0.04,0.29,0.42,0.27,3.80,0.90,3.10,2.60,-554,-671,-538,3.29,3.75,5.13,-1.88,-8.13,-2.63,-16.25,-20.25,-32.00,0.63,0.53,0.71,-143.00,-106.00,-118.00,-46.38,-64.75,-168.00,-150.50,0.44,0.67,0.83,0.96,0.96,0.71,0.92,0.88,0.67,0.71,0.54,0.71,0.96,0.96,0.63,0.75,0.75,0.67,0.58
F,21,30,8,7,9,-0.05,0.40,0.44,0.56,3.45,3.50,4.30,3.75,-484,-561,-484,3.88,5.00,2.86,-1.88,-6.71,-5.50,-24.25,-19.25,-42.75,0.74,0.82,0.84,-81.00,-81.00,-75.00,-28.88,-79.63,-290.50,-154.00,0.78,0.67,0.56,0.96,0.96,0.96,0.79,0.67,0.58,0.71,0.83,0.92,1.00,0.79,0.58,0.67,0.92,0.88,0.96
M,28,36,13,13,15,0.53,0.91,0.76,0.70,5.75,4.90,5.10,5.23,-374,-499,-436,11.63,9.38,9.88,-1.75,-4.25,-2.88,-15.00,-8.75,-24.00,0.92,0.84,0.90,-92.00,-60.00,-50.00,-24.50,-36.75,-115.50,-66.50,1.00,0.94,1.00,0.92,0.88,0.92,0.88,0.96,0.75,0.88,0.83,0.83,1.00,0.92,1.00,0.88,1.00,0.88,1.00
M,23,26,3,10,10,0.13,0.30,0.48,0.51,4.25,2.50,3.90,3.55,-499,-531,-530,3.13,3.71,4.63,-4.86,-5.63,-3.00,-28.00,-18.00,-34.50,0.88,0.78,0.84,-139.00,-117.00,-84.00,-98.00,-112.88,-180.25,-219.08,0.39,0.78,0.78,0.83,0.92,0.92,0.63,0.79,0.58,0.83,0.79,0.96,0.92,0.75,0.79,0.54,0.71,0.58,0.92
F,23,27,7,7,9,0.40,0.34,0.40,0.37,2.45,1.20,2.60,2.10,-654,-732,-607,5.00,6.75,4.13,-2.00,-4.25,-3.38,-17.43,-15.71,-37.75,0.71,0.67,0.71,-144.00,-77.00,-116.00,-83.13,-58.63,-287.00,-229.25,0.56,0.61,0.83,0.75,0.88,0.79,0.83,0.83,0.75,0.63,0.58,0.75,0.92,0.88,0.71,0.79,0.79,0.79,0.88
M,25,27,11,9,7,-0.09,0.64,0.48,0.48,3.55,1.70,1.70,2.32,-529,-590,-529,4.38,4.63,2.75,-1.38,-4.00,-4.75,-23.00,-9.75,-38.25,0.79,0.64,0.87,-112.00,-69.00,-79.00,-25.38,-77.00,-155.75,-117.00,0.67,0.78,0.72,0.75,0.75,1.00,0.96,0.83,0.71,0.75,0.67,0.92,1.00,0.88,0.96,0.71,0.79,0.92,1.00
F,27,30,10,12,2,0.04,0.82,0.43,0.59,5.25,3.50,3.80,4.17,-499,-562,-546,7.00,6.75,8.13,-1.38,-3.75,-3.00,-6.25,-8.25,-28.00,0.74,0.87,0.82,-67.00,-40.00,-50.00,-27.13,-41.13,-99.75,-108.50,1.00,0.94,0.89,0.92,0.83,0.83,0.88,0.96,0.75,0.83,0.75,0.83,0.92,0.92,1.00,0.83,1.00,0.92,1.00
F,19,24,3,3,8,0.32,0.59,0.52,0.46,1.60,1.50,2.30,1.77,-562,-576,-546,4.38,4.63,3.50,-4.00,-6.63,-2.00,-41.75,-25.43,-46.75,0.77,0.81,0.79,-144.00,-131.00,-103.00,-16.92,-45.35,-155.75,-135.00,0.83,0.72,0.89,0.79,0.54,0.92,0.54,0.71,0.67,0.79,0.88,0.79,0.94,0.88,0.79,0.71,0.75,0.88,0.88
F,20,31,5,6,9,-0.04,0.26,0.36,0.43,1.75,0.50,-0.40,0.60,-656,-600,-647,4.13,3.50,7.25,-2.43,-6.71,-5.88,-25.25,-29.50,-38.00,0.67,0.50,0.76,-124.00,-133.00,-108.00,-22.75,-55.13,-215.25,-136.50,0.50,0.72,0.94,0.83,0.71,0.71,0.79,0.71,0.46,0.79,0.63,0.92,1.00,0.92,0.54,0.46,0.79,0.75,0.83
M,23,32,8,7,8,0.10,0.53,0.66,0.84,3.30,3.00,3.70,3.32,-451,-499,-468,6.75,4.38,5.29,-1.38,-4.63,-1.75,-11.50,-9.71,-28.00,0.80,0.65,0.70,-139.00,-95.00,-73.00,-21.00,-64.75,-129.50,-112.00,0.89,0.67,0.83,0.96,0.96,1.00,0.83,0.96,0.75,0.71,0.58,0.67,0.92,0.88,0.54,0.79,0.54,0.79,0.67
M,23,27,9,6,11,0.18,0.67,0.39,0.64,1.00,-0.40,1.90,0.82,-449,-489,-459,5.75,8.50,8.38,-1.13,-6.29,-3.88,-14.50,-13.25,-25.50,0.64,0.77,0.78,-97.00,-92.00,-46.00,-15.75,-61.25,-159.25,-137.38,1.00,0.67,0.72,0.96,0.92,0.96,0.79,0.79,0.54,0.88,0.75,0.83,1.00,0.92,0.54,0.29,0.96,1.00,1.00
M,23,26,12,11,16,0.39,0.91,0.61,0.70,1.95,0.00,2.40,1.43,-484,-484,-514,6.75,6.13,7.50,-2.88,-3.25,-5.88,-19.25,-10.29,-24.29,0.52,0.50,0.59,-99.00,-41.00,-55.00,-17.50,-16.63,-169.75,-166.25,0.94,0.83,0.83,0.79,0.79,0.71,0.83,0.92,0.63,0.71,0.58,0.58,1.00,0.96,0.88,0.71,0.92,0.96,0.96
M,25,27,5,10,8,0.23,0.37,0.59,0.57,0.70,-0.10,1.90,0.82,-484,-592,-546,2.75,3.29,5.86,-3.29,-3.88,-5.38,-18.00,-21.50,-24.86,0.81,0.68,0.76,-110.00,-80.00,-59.00,-21.00,-35.00,-175.00,-136.50,0.39,0.83,0.67,0.79,1.00,0.92,0.67,0.71,0.67,0.71,0.71,0.83,0.96,1.00,0.13,0.25,0.92,0.96,0.92
M,23,22,3,11,8,0.18,0.40,0.26,0.47,1.45,2.10,2.10,1.85,-450,-480,-459,5.13,6.13,3.50,-2.38,-4.25,-3.00,-14.86,-14.25,-26.29,0.66,0.55,0.69,-99.00,-82.00,-85.00,-19.25,-56.88,-209.00,-127.75,0.67,0.67,0.67,0.96,1.00,0.92,0.71,0.88,0.58,0.71,0.75,0.79,1.00,0.50,0.75,0.46,0.96,0.92,0.79
F,25,23,6,8,11,0.26,0.59,0.56,0.77,2.60,2.60,2.70,2.62,-639,-835,-702,3.75,3.71,4.25,-0.38,-1.38,-1.63,-14.50,-15.00,-23.00,0.76,0.81,0.71,-109.00,-87.00,-70.00,-44.63,-56.00,-152.25,-145.25,0.83,0.44,0.78,0.96,1.00,1.00,1.00,0.83,0.96,0.67,0.83,0.71,0.96,0.92,0.75,0.42,0.79,0.92,0.67
M,26,29,11,15,13,0.40,0.15,0.57,0.60,3.90,1.60,3.40,2.95,-468,-514,-514,11.57,7.75,11.75,-1.63,-3.88,-4.25,-17.00,-12.75,-34.75,0.84,0.81,0.83,-94.00,-53.00,-53.00,-25.38,-54.25,-213.50,-87.50,0.94,0.89,1.00,1.00,0.92,0.83,0.96,0.71,0.79,0.75,0.79,0.83,1.00,1.00,0.67,0.92,0.88,1.00,1.00
M,21,32,11,15,12,0.26,0.65,0.60,0.64,1.70,1.10,2.80,1.83,-374,-451,-421,4.63,5.00,7.88,-1.50,-4.25,-2.25,-23.50,-18.50,-20.00,0.79,0.83,0.85,-85.00,-93.00,-60.00,-28.00,-57.75,-89.25,-64.75,1.00,1.00,0.83,0.96,0.96,1.00,0.58,0.96,0.79,0.71,0.79,0.96,1.00,0.92,0.83,0.92,0.67,1.00,0.96
F,20,25,7,5,8,0.20,0.27,0.38,0.33,0.70,0.80,1.00,0.82,-749,-850,-654,2.13,2.88,3.00,-1.63,-9.88,-8.13,-29.00,-21.14,-34.25,0.83,0.55,0.71,-154.00,-159.00,-101.00,-63.88,-54.98,-313.00,-211.75,0.56,0.33,0.50,0.83,0.54,0.67,0.83,0.67,0.71,0.71,0.75,0.75,0.83,0.67,0.71,0.63,0.92,0.38,0.75
M,33,26,4,7,11,0.09,0.35,0.54,0.49,-0.10,0.20,0.20,0.12,-564,-629,-629,1.75,3.75,2.86,-2.13,-9.00,-7.38,-26.75,-19.75,-57.00,0.73,0.50,0.69,-112.00,-88.00,-97.00,-41.71,-54.69,-193.00,-156.67,0.44,0.56,0.61,0.21,0.50,0.96,0.71,0.71,0.46,0.71,0.71,0.88,0.71,0.67,0.71,0.67,0.92,0.75,0.92
F,25,37,15,16,16,0.51,0.82,0.82,0.71,4.55,3.30,5.00,4.25,-470,-520,-520,6.63,6.63,4.88,-1.00,-3.63,-3.13,-9.25,-11.75,-24.25,0.89,0.89,0.90,-74.00,-52.00,-53.00,-19.25,-34.13,-140.00,-122.50,0.83,0.83,0.78,1.00,0.96,0.88,1.00,0.92,0.67,0.83,0.88,0.96,1.00,1.00,0.79,0.75,1.00,1.00,0.96
F,21,34,10,9,12,0.20,0.85,0.73,0.61,2.75,1.80,2.60,2.37,-561,-607,-561,6.50,5.75,5.13,-0.75,-4.50,-4.00,-18.50,-23.00,-43.14,0.81,0.83,0.81,-86.00,-90.00,-69.00,-23.63,-70.88,-122.50,-138.25,0.72,0.67,0.83,0.92,0.96,0.88,0.92,0.63,0.71,0.83,0.79,0.88,1.00,0.96,0.92,0.08,0.88,0.92,1.00
F,22,32,11,13,12,0.44,0.62,0.70,0.92,2.50,2.40,4.90,3.25,-499,-592,-577,9.25,6.86,11.38,-2.13,-1.75,-4.75,-25.75,-7.25,-47.00,0.67,0.62,0.78,-72.00,-107.00,-59.00,-14.88,-50.75,-259.00,-224.00,0.94,0.78,0.83,0.79,0.88,0.92,0.88,0.88,0.71,0.71,0.67,0.88,1.00,1.00,0.75,0.75,0.88,0.92,1.00
F,36,30,11,8,12,0.00,0.08,0.57,0.57,1.90,0.10,0.10,0.70,-694,-701,-664,2.63,3.88,3.57,-2.00,-3.91,-5.13,-16.00,-19.75,-21.75,0.69,0.66,0.72,-162.00,-148.00,-124.00,-75.25,-55.85,-274.75,-207.25,0.39,0.33,0.61,0.75,0.63,0.63,0.92,0.63,0.79,0.58,0.75,0.79,0.79,0.67,0.58,0.38,0.63,0.63,0.71
M,22,36,11,8,12,0.21,0.57,0.79,0.76,2.15,4.10,2.10,2.75,-451,-530,-476,12.38,7.00,9.88,-3.88,-4.00,-5.00,-19.00,-9.75,-26.86,0.65,0.84,0.78,-79.00,-57.00,-66.00,-13.13,-46.38,-42.00,-52.50,0.94,0.83,1.00,0.75,0.83,0.96,0.83,0.96,0.75,0.83,0.71,0.92,1.00,1.00,1.00,0.92,0.96,1.00,1.00
M,29,19,8,10,12,0.30,0.58,0.53,0.29,1.35,0.10,1.50,0.95,-592,-734,-609,9.00,5.75,3.00,-1.63,-10.71,-3.25,-15.43,-23.50,-34.25,0.46,0.50,0.56,-93.00,-196.00,-109.00,-12.25,-84.00,-322.00,-263.00,0.83,0.67,0.89,0.92,0.75,0.92,0.92,0.88,0.58,0.75,0.54,0.75,1.00,0.75,0.63,0.54,0.79,0.71,0.96
F,28,24,7,11,6,0.05,0.30,0.47,0.47,-0.35,-0.80,0.10,-0.35,-500,-680,-525,3.50,2.43,3.25,-0.57,-4.65,-6.75,-17.75,-10.25,-54.25,0.63,0.67,0.79,-98.00,-60.00,-126.00,-68.25,-63.00,-190.75,-166.25,0.67,0.83,0.78,0.92,0.75,0.88,0.88,0.75,0.67,0.63,0.83,0.83,1.00,0.67,0.79,0.67,0.21,0.92,0.21
F,24,37,11,10,13,0.19,0.56,0.36,0.73,0.45,0.40,1.50,0.77,-591,-623,-639,10.25,7.25,5.50,-2.38,-3.50,-5.00,-17.50,-16.25,-23.00,0.75,0.72,0.82,-87.00,-67.00,-67.00,-19.25,-50.75,-136.50,-137.67,0.89,0.67,0.83,0.92,0.96,0.92,0.92,0.79,0.54,0.79,0.75,0.88,1.00,0.96,0.96,0.04,0.79,0.96,1.00
F,22,22,8,9,10,0.05,0.31,0.50,0.30,1.15,0.40,1.10,0.87,-561,-671,-592,2.00,2.25,4.63,-1.75,-6.88,-4.75,-30.50,-31.75,-40.50,0.69,0.50,0.90,-117.00,-74.00,-95.00,-41.85,-57.75,-178.50,-170.67,0.44,0.67,0.83,0.96,0.92,0.04,0.58,0.54,0.75,0.63,0.54,0.88,0.96,0.92,0.63,0.50,0.79,0.96,0.88
F,22,28,10,12,16,0.32,0.35,0.44,0.71,1.90,3.30,2.70,2.62,-509,-580,-549,8.00,5.63,5.29,-3.88,-7.25,-4.38,-7.25,-15.50,-25.43,0.53,0.69,0.83,-92.00,-113.00,-75.00,-36.75,-90.13,-176.75,-197.75,0.72,0.67,0.67,0.75,0.83,0.88,0.96,0.88,0.83,0.63,0.67,0.75,0.88,0.67,0.83,0.54,0.88,0.92,1.00
M,23,37,14,14,10,0.43,0.81,0.39,0.63,0.85,0.40,1.90,1.07,-514,-623,-529,8.25,6.00,8.25,-1.88,-1.50,-5.43,-15.25,-6.75,-28.00,0.70,0.81,0.81,-97.00,-74.00,-59.00,-38.50,-50.75,-173.25,-71.75,0.89,0.94,0.94,0.79,0.96,0.88,0.92,0.83,0.79,0.92,0.75,0.79,0.92,0.83,1.00,0.75,0.83,1.00,0.96
M,23,33,11,8,11,0.42,0.72,0.51,0.73,1.75,1.90,3.50,2.38,-484,-554,-499,7.88,6.50,9.50,-0.88,-3.25,-1.88,-24.00,-8.00,-31.14,0.57,0.57,0.72,-70.00,-47.00,-51.00,-29.75,-36.75,-85.75,-141.75,1.00,0.78,0.94,0.88,0.96,0.96,0.79,0.92,0.67,0.67,0.63,0.88,0.96,0.96,1.00,0.79,0.92,0.96,0.83
M,20,29,9,11,14,0.46,0.63,0.61,0.57,1.80,2.40,2.00,2.07,-437,-515,-499,4.00,4.75,4.50,-1.38,-3.00,-1.38,-14.25,-7.25,-28.75,0.83,0.76,0.80,-93.00,-70.00,-116.00,-41.13,-36.75,-153.00,-157.50,0.94,0.72,0.83,1.00,1.00,0.96,0.88,1.00,0.83,0.83,0.92,0.92,0.96,0.96,0.79,0.67,0.92,0.92,0.08
M,40,24,7,10,7,0.10,-0.10,0.58,0.46,0.60,0.50,0.30,0.47,-640,-839,-599,4.25,2.57,2.29,-3.25,-7.75,-5.50,-19.50,-33.75,-51.75,0.45,0.57,0.66,-122.00,-149.00,-92.00,-71.75,-112.88,-351.75,-173.25,0.67,0.39,0.61,0.88,0.88,0.92,0.83,0.71,0.58,0.50,0.67,0.71,0.92,0.75,0.63,0.67,0.54,0.67,0.96
M,32,19,2,0,4,0.10,0.15,0.29,0.39,1.90,1.10,2.60,1.87,-538,-655,-592,5.50,4.75,6.00,-2.50,-7.25,-1.25,-18.50,-16.25,-27.75,0.84,0.71,0.86,-83.00,-63.00,-66.00,-14.00,-58.63,-203.58,-133.29,0.67,0.61,0.67,1.00,1.00,1.00,0.88,0.71,0.58,0.71,0.79,0.88,1.00,0.92,0.42,0.29,1.00,0.96,1.00
F,22,28,8,7,7,0.34,0.70,0.58,0.48,0.20,1.40,0.00,0.50,-484,-529,-514,7.29,7.00,9.13,-1.88,-3.50,-3.25,-18.50,-13.50,-29.75,0.74,0.66,0.72,-88.00,-76.00,-60.00,-20.13,-44.63,-178.50,-255.50,0.50,0.89,0.89,0.83,0.88,0.92,0.96,0.75,0.88,0.79,0.71,0.75,0.96,0.96,0.67,0.63,0.88,1.00,0.88
F,23,30,10,11,12,0.29,0.45,0.54,0.57,0.65,0.90,2.50,1.32,-529,-545,-520,3.00,3.13,6.25,-1.63,-3.13,-1.88,-10.25,-21.50,-26.25,0.82,0.92,0.87,-177.00,-133.00,-88.00,-32.38,-68.71,-211.75,-225.75,0.67,0.44,0.94,1.00,0.67,1.00,0.88,0.79,0.71,0.88,0.75,0.75,1.00,0.71,0.83,0.50,0.92,0.75,0.96
F,21,29,10,8,10,0.19,0.50,0.50,0.77,1.15,0.00,1.40,0.85,-400,-660,-489,6.13,3.75,5.75,-1.25,-4.38,-1.50,-15.25,-10.00,-19.25,0.62,0.65,0.64,-82.00,-77.00,-47.00,-77.88,-31.50,-178.50,-163.00,0.61,0.94,0.78,1.00,0.96,0.96,1.00,1.00,0.83,0.71,0.75,0.71,0.67,1.00,0.83,0.75,1.00,0.96,1.00
M,29,33,12,10,15,0.74,0.92,0.64,0.80,4.65,3.30,4.00,3.98,-451,-468,-452,10.63,9.88,7.75,-2.00,-1.88,-2.50,-13.75,-12.50,-27.00,0.83,0.86,0.93,-53.00,-46.00,-36.00,-11.38,-23.63,-75.25,-82.25,0.89,0.72,0.83,0.92,1.00,1.00,0.96,0.83,0.67,0.75,0.79,0.96,1.00,1.00,1.00,0.96,1.00,1.00,1.00
M,23,26,11,11,11,0.24,0.44,0.53,0.76,2.25,-0.50,2.00,1.25,-452,-546,-514,5.88,3.88,8.25,-2.13,-4.25,-2.63,-19.75,-10.00,-33.25,0.87,0.94,0.88,-80.00,-66.00,-61.00,-21.88,-79.63,-283.00,-168.00,0.94,0.44,0.67,0.96,0.88,0.96,0.96,0.75,0.71,0.88,0.88,0.96,1.00,0.88,0.75,0.67,0.92,0.79,1.00
F,31,24,4,4,9,0.07,0.21,0.49,0.60,4.75,3.50,4.00,4.07,-623,-780,-842,5.75,8.50,3.71,-2.63,-3.13,-2.00,-11.75,-14.50,-29.25,0.86,0.86,0.83,-78.00,-79.00,-81.00,-18.38,-51.63,-229.25,-210.00,0.89,0.83,0.83,0.79,0.96,0.92,0.92,0.92,0.71,0.79,0.96,0.79,1.00,0.79,0.75,0.58,0.88,0.88,0.88
M,22,28,6,3,6,0.19,0.68,0.51,0.33,0.55,-0.10,2.40,0.93,-525,-559,-549,5.88,3.43,7.43,-1.00,-8.63,-5.00,-24.75,-13.14,-32.50,0.87,0.79,0.86,-101.00,-94.00,-74.00,-16.63,-38.50,-227.50,-129.50,0.94,0.94,0.67,0.96,0.92,1.00,0.83,0.92,0.54,0.79,0.83,0.83,1.00,0.92,0.83,0.63,0.92,0.92,0.88
F,30,26,10,7,10,0.20,0.84,0.48,0.62,2.40,0.80,4.30,2.48,-631,-701,-577,4.00,3.25,2.25,-4.88,-11.00,-4.00,-20.25,-22.50,-31.25,0.46,0.60,0.70,-125.00,-169.00,-130.00,-105.88,-116.38,-299.00,-212.08,0.67,0.72,0.67,0.46,0.79,0.71,1.00,0.88,0.79,0.50,0.79,0.92,0.83,0.67,0.46,0.42,0.25,0.54,0.38
F,24,30,9,13,11,0.06,0.53,0.66,0.64,1.30,1.80,1.20,1.42,-546,-624,-592,3.38,5.38,2.13,-2.50,-3.38,-4.38,-15.75,-15.00,-33.25,0.75,0.76,0.79,-94.00,-90.00,-61.00,-56.88,-34.13,-213.50,-169.75,0.67,0.72,0.50,0.92,0.88,0.79,0.75,0.83,0.50,0.88,0.79,0.88,0.96,0.83,0.83,0.54,0.92,0.96,1.00
F,19,23,6,7,4,0.18,0.08,0.38,0.66,2.80,1.50,3.20,2.50,-639,-686,-608,3.38,8.38,2.13,-2.00,-7.63,-5.50,-19.25,-24.50,-39.50,0.51,0.62,0.71,-137.00,-115.00,-125.00,-35.00,-112.88,-313.25,-322.00,0.83,0.72,0.50,1.00,0.63,0.83,0.88,0.54,0.54,0.71,0.75,0.71,1.00,0.63,0.71,0.63,0.58,0.75,0.88
M,21,33,14,15,13,0.41,0.91,0.79,0.72,3.50,2.20,3.70,3.12,-475,-489,-500,5.50,5.00,6.14,-1.00,-2.75,-2.25,-19.00,-11.50,-26.75,0.76,0.76,0.79,-124.00,-70.00,-72.00,-109.38,-70.88,-183.75,-168.00,0.56,0.67,0.89,0.88,0.92,0.92,0.88,0.83,0.58,0.75,0.83,0.79,0.88,0.92,0.96,0.83,0.79,0.96,1.00
F,20,24,8,6,10,0.49,0.57,0.50,0.57,0.95,-1.60,3.10,0.80,-577,-686,-592,4.13,4.38,5.63,-1.25,-2.50,-2.75,-12.50,-19.25,-34.00,0.68,0.50,0.78,-68.00,-99.00,-91.00,-24.50,-83.13,-162.75,-210.00,0.89,0.67,0.83,0.92,0.96,0.83,0.96,0.79,0.71,0.71,0.71,0.88,0.96,0.96,0.96,0.71,0.71,0.92,1.00
F,21,34,9,11,12,0.21,0.78,0.33,0.88,2.05,0.90,1.60,1.53,-459,-549,-459,4.63,2.88,5.13,-1.13,-6.63,-3.63,-22.00,-17.75,-27.00,0.76,0.74,0.73,-196.00,-79.00,-57.00,-24.50,-53.38,-276.50,-180.25,0.61,0.83,0.67,0.83,0.79,0.88,0.96,0.63,0.92,0.71,0.67,0.92,0.96,1.00,0.29,0.42,0.58,1.00,1.00
M,26,19,11,11,14,0.46,0.58,0.56,0.70,1.25,1.70,2.40,1.77,-421,-499,-498,3.63,5.00,5.75,-2.50,-3.00,-3.63,-22.75,-12.50,-27.50,0.83,0.78,0.88,-78.00,-67.00,-55.00,-25.38,-42.00,-105.00,-112.00,0.94,0.72,0.78,0.88,0.96,0.96,0.79,0.88,0.83,0.96,0.83,0.83,1.00,0.96,0.92,0.83,0.92,0.96,1.00
F,22,29,6,14,10,0.14,0.86,0.11,0.70,0.30,-0.30,1.40,0.47,-468,-631,-546,4.50,4.38,6.50,-2.00,-3.13,-1.88,-10.75,-5.25,-20.75,0.69,0.78,0.88,-144.00,-90.00,-103.00,-27.13,-72.63,-265.00,-125.00,0.33,0.72,0.89,0.92,0.96,1.00,0.88,0.92,0.67,0.58,0.79,0.79,0.96,0.75,0.54,0.54,0.96,0.75,0.92
F,19,30,10,10,15,0.33,0.68,0.56,0.97,3.35,1.20,4.00,2.82,-468,-570,-483,3.88,5.13,6.63,-1.25,-2.63,-2.00,-12.25,-16.75,-25.25,0.76,0.79,0.83,-74.00,-75.00,-74.00,-16.63,-47.25,-155.75,-133.00,0.72,0.72,1.00,0.83,0.92,1.00,0.75,0.88,0.83,0.75,0.75,0.88,1.00,0.88,0.83,0.67,0.96,0.96,0.92
F,20,36,10,11,12,0.16,0.85,0.51,0.53,5.00,2.00,3.60,3.52,-468,-539,-500,10.38,8.88,8.00,-0.75,-1.25,-1.38,-11.75,-6.75,-23.43,0.68,0.50,0.74,-146.00,-115.00,-69.00,-12.25,-8.75,-147.00,-108.50,0.78,0.67,0.94,0.96,0.92,1.00,0.92,0.92,0.67,0.58,0.63,0.83,1.00,1.00,0.79,0.67,0.92,1.00,1.00
F,18,24,5,11,9,0.36,0.62,0.40,0.59,2.15,0.80,3.50,2.13,-546,-639,-529,10.63,5.75,6.75,-2.63,-5.88,-2.00,-13.25,-18.50,-24.75,0.60,0.50,0.76,-130.00,-105.00,-96.00,-22.75,-58.63,-239.75,-115.50,0.94,0.67,0.89,0.79,0.79,0.92,0.71,0.71,0.71,0.58,0.67,0.88,0.92,0.92,0.79,0.75,0.83,0.92,0.83
M,26,31,7,6,13,0.19,0.91,0.41,0.74,4.25,2.20,2.80,3.05,-468,-624,-561,4.75,7.13,7.38,-2.50,-4.88,-1.88,-6.29,-19.25,-47.00,0.79,0.63,0.76,-128.00,-103.00,-76.00,-82.25,-32.38,-126.00,-136.50,0.83,0.61,0.83,0.88,0.96,0.96,0.83,0.71,0.58,0.83,0.63,0.79,0.88,0.96,1.00,0.83,0.88,0.92,0.63
F,21,31,9,6,8,0.34,0.81,0.49,0.78,3.80,3.10,5.10,3.98,-514,-514,-483,6.25,9.43,11.75,-1.63,-1.25,-2.75,-17.75,-9.00,-29.75,0.84,0.71,0.88,-71.00,-53.00,-53.00,-9.63,-45.50,-89.25,-140.00,0.89,0.89,0.44,0.96,0.96,0.96,0.88,0.88,0.83,0.83,0.88,0.83,0.96,0.88,0.96,0.75,1.00,1.00,1.00
F,22,35,8,13,14,0.33,0.68,0.40,0.77,2.95,2.20,2.90,2.67,-529,-620,-609,8.63,2.63,5.63,-1.00,-3.29,-3.63,-12.50,-15.50,-32.29,0.79,0.81,0.92,-84.00,-96.00,-113.00,-7.88,-77.00,-234.50,-189.00,0.78,0.39,0.78,0.92,0.92,0.83,0.96,0.79,0.58,0.83,0.71,0.96,0.92,0.83,0.71,0.54,0.88,0.71,1.00
F,24,23,9,9,7,0.02,0.29,0.29,0.32,0.25,0.10,0.30,0.25,-513,-639,-577,7.88,8.13,10.00,-3.50,-5.88,-4.13,-22.00,-23.14,-39.50,0.57,0.66,0.83,-121.00,-102.00,-90.00,-53.23,-67.69,-192.50,-199.50,1.00,0.78,0.83,0.88,0.71,0.83,0.92,0.71,0.54,0.67,0.71,0.75,0.92,0.63,0.50,0.71,0.46,0.92,0.79
M,28,25,8,10,12,0.16,0.67,0.41,0.88,2.20,2.50,3.00,2.55,-530,-705,-549,8.25,3.75,10.25,-0.75,-1.63,-2.25,-10.50,-7.50,-15.75,0.77,0.64,0.79,-63.00,-75.00,-50.00,-28.88,-79.63,-147.00,-152.25,0.89,0.89,0.89,0.92,0.96,0.96,1.00,0.92,0.63,0.92,0.63,0.83,0.96,0.83,0.83,0.50,1.00,0.83,0.96
F,21,38,10,13,12,0.17,0.51,0.64,0.81,0.85,0.60,0.40,0.60,-514,-499,-562,9.63,5.86,11.63,-2.00,-3.00,-3.25,-19.00,-18.75,-33.50,0.71,0.77,0.71,-64.00,-64.00,-16.00,-25.38,-85.00,-164.50,-169.75,0.50,0.89,1.00,0.96,0.96,0.96,0.92,0.71,0.92,0.67,0.63,0.79,0.96,0.96,0.79,0.67,1.00,1.00,1.00
F,22,30,10,5,16,0.31,0.52,0.64,0.82,0.40,2.10,0.80,1.08,-509,-509,-499,4.63,6.13,11.13,-2.00,-4.25,-3.75,-13.25,-23.25,-30.29,0.81,0.58,0.91,-81.00,-103.00,-132.00,-37.63,-73.50,-238.00,-297.00,0.61,0.61,0.89,0.83,0.92,0.83,0.88,0.71,0.79,0.88,0.79,0.83,0.96,0.79,0.42,0.54,1.00,0.75,0.71
F,21,19,5,6,6,0.48,0.46,0.38,0.69,2.15,1.40,1.10,1.53,-564,-694,-779,2.75,3.86,4.29,-1.75,-5.88,-3.13,-18.00,-16.00,-29.71,0.66,0.50,0.77,-60.00,-114.00,-36.00,-21.00,-70.00,-287.00,-304.50,0.67,0.50,0.78,0.96,0.75,0.83,0.92,0.71,0.63,0.67,0.75,0.79,1.00,0.75,0.71,0.42,0.96,0.79,1.00
M,22,21,2,3,13,0.43,0.33,0.47,0.54,0.60,-1.10,-0.50,-0.33,-471,-562,-468,4.63,2.13,3.25,-3.75,-7.75,-7.29,-19.50,-16.00,-31.50,0.52,0.63,0.64,-127.00,-172.00,-83.00,-80.50,-59.50,-197.75,-194.25,0.39,0.44,0.56,0.92,0.75,0.83,0.67,0.75,0.63,0.71,0.58,0.79,0.96,0.88,0.58,0.58,0.88,0.79,0.92
M,,26.00,8.00,7.00,7.00,-0.07,0.36,0.53,0.17,1.80,1.40,1.30,1.48,-421,-452,-483,4.88,5.38,3.88,-3.38,-2.00,-8.50,-28.75,-17.25,-46.25,0.71,0.76,0.78,-89.00,-117.00,-78.00,-35.88,-41.13,-201.25,-176.75,0.56,0.83,0.89,0.83,0.92,0.83,0.75,0.83,0.71,0.67,0.63,0.63,1.00,0.83,0.50,0.79,0.96,0.63,1.00
F,23.00,36.00,14.00,13.00,12.00,-0.03,0.67,0.70,0.42,4.10,1.20,1.30,2.17,-484,-561,-483,6.63,3.75,5.38,-5.00,-6.25,-4.25,-26.75,-13.25,-25.00,0.66,0.74,0.64,-170.00,-144.00,-91.00,-42.88,-66.50,-210.00,-169.75,0.78,0.78,0.78,0.79,0.83,0.83,0.79,0.58,0.46,0.75,0.83,0.75,1.00,0.92,0.71,0.71,0.75,0.75,0.88
F,21.00,33.00,14.00,13.00,13.00,0.41,0.70,0.53,0.64,4.95,1.40,1.90,2.73,-514,-671,-460,9.25,6.25,8.63,-1.88,-4.38,-3.00,-16.75,-13.25,-36.75,0.81,0.75,0.85,-74.00,-98.00,-59.00,-34.13,-45.50,-195.00,-127.75,0.78,0.89,0.89,0.88,0.83,0.88,0.79,0.92,0.71,0.71,0.88,0.88,0.96,0.96,0.79,0.63,0.96,0.79,1.00
M,24.00,24.00,6.00,6.00,5.00,0.14,0.36,0.54,0.52,1.95,-0.80,-0.10,0.35,-531,-757,-592,2.63,3.43,2.57,-3.75,-8.00,-5.88,-35.00,-38.75,-35.14,0.86,0.61,0.74,-182.00,-239.00,-167.00,-42.00,-109.38,-360.50,-273.00,0.89,0.33,0.72,0.96,0.67,0.96,0.83,0.38,0.54,0.71,0.71,0.88,0.96,0.79,0.42,0.17,0.67,0.50,0.79
M,22.00,33.00,9.00,9.00,10.00,0.06,0.79,0.63,0.74,3.90,2.10,2.60,2.83,-449,-639,-520,7.75,8.88,6.38,-2.00,-2.38,-3.75,-15.25,-11.75,-27.75,0.86,0.87,0.90,-113.00,-93.00,-82.00,-23.63,-53.08,-143.50,-83.00,0.89,0.50,0.72,0.88,1.00,0.75,0.96,0.79,0.54,0.88,0.83,0.88,1.00,0.83,0.96,0.88,0.75,0.96,0.96
M,22.00,27.00,7.00,12.00,13.00,0.30,0.88,0.59,0.70,2.10,1.60,4.10,2.58,-546,-624,-607,6.25,5.88,7.38,-1.88,-2.00,-4.13,-20.75,-10.50,-35.75,0.86,0.74,0.91,-80.00,-48.00,-74.00,-21.00,-35.00,-120.75,-140.58,0.94,0.89,0.83,0.96,0.96,1.00,0.83,0.88,0.83,0.83,0.75,1.00,1.00,1.00,0.96,0.33,0.96,0.96,1.00
F,22.00,30.00,15.00,15.00,15.00,0.27,0.47,0.57,0.80,2.10,2.40,2.80,2.40,-529,-686,-562,6.63,5.13,7.75,-1.38,-3.50,-4.88,-20.00,-20.00,-22.25,0.67,0.78,0.69,-133.00,-72.00,-54.00,-41.13,-21.88,-140.00,-197.75,0.83,0.61,0.89,1.00,0.96,0.88,0.92,0.71,0.96,0.79,0.67,0.83,1.00,1.00,0.63,0.38,0.96,0.79,0.83
M,22.00,34.00,16.00,15.00,15.00,0.21,0.72,0.40,0.63,0.65,1.20,3.50,1.77,-490,-559,-519,6.38,6.88,9.75,-1.50,-2.50,-3.00,-15.00,-8.75,-32.75,0.87,0.80,0.87,-159.00,-71.00,-63.00,-89.25,-75.25,-136.50,-178.50,0.83,0.72,0.94,1.00,1.00,0.71,0.92,0.96,0.63,0.83,0.83,0.79,0.96,0.88,0.96,0.25,0.75,0.92,0.25
F,20.00,29.00,9.00,13.00,8.00,0.08,0.15,0.30,0.22,0.35,-0.80,-0.50,-0.28,-610,-620,-564,5.88,6.75,5.88,-0.88,-4.50,-2.75,-20.75,-26.57,-40.75,0.83,0.65,0.75,-121.00,-129.00,-123.00,-37.33,-62.56,-334.25,-169.00,0.78,0.78,0.89,0.96,0.92,0.92,0.92,0.63,0.42,0.83,0.58,0.83,0.54,0.63,0.54,0.46,0.75,0.79,0.25
F,24.00,34.00,8.00,11.00,9.00,0.07,0.28,0.56,0.54,-0.20,-0.30,-0.30,-0.28,-468,-624,-484,4.63,2.75,7.38,-2.63,-3.93,-4.13,-27.25,-23.75,-45.25,0.80,0.50,0.64,-93.00,-67.00,-71.00,-36.75,-42.88,-204.75,-193.00,0.61,0.28,0.89,0.92,0.17,0.92,0.96,0.67,0.67,0.58,0.71,0.67,0.96,1.00,0.63,0.42,1.00,0.96,0.96
F,20.00,24.00,8.00,5.00,9.00,-0.10,0.10,0.30,0.36,0.65,0.50,-0.50,0.22,-530,-671,-529,3.00,4.00,5.00,-2.00,-8.00,-2.63,-26.00,-32.29,-26.50,0.71,0.50,0.70,-95.00,-67.00,-136.00,-57.60,-56.00,-198.33,-210.00,0.50,0.78,0.94,0.79,0.79,0.79,0.83,0.58,0.54,0.54,0.50,0.79,0.17,0.63,0.63,0.63,0.88,0.96,0.83
F,36.00,21.00,7.00,12.00,11.00,-0.01,0.49,0.20,0.53,0.00,0.00,0.00, -   ,-561,-639,-600,3.00,4.14,3.88,-2.88,-4.13,-4.38,-11.00,-15.00,-47.50,0.80,0.72,0.88,-71.00,-82.00,-58.00,-34.13,-47.25,-110.25,-152.25,0.67,0.89,0.89,1.00,0.96,1.00,0.88,0.88,0.83,0.92,0.79,0.83,0.96,0.92,1.00,0.79,0.92,1.00,1.00
F,29.00,25.00,8.00,9.00,10.00,0.28,0.73,0.43,0.53,1.35,0.20,0.00,0.53,-491,-654,-529,4.50,3.38,7.00,-3.38,-8.88,-11.86,-27.75,-25.00,-45.25,0.70,0.80,0.86,-139.00,-120.00,-72.00,-25.38,-77.88,-164.50,-227.00,0.61,0.61,0.67,0.25,0.63,0.63,0.54,0.67,0.42,0.92,0.92,0.92,0.96,0.71,0.79,0.38,0.67,0.75,0.96
F,23.00,26.00,8.00,10.00,5.00,0.37,0.73,0.43,0.74,2.30,1.70,2.20,2.05,-524,-616,-531,6.50,2.75,5.00,-1.63,-7.50,-2.38,-16.25,-13.25,-47.00,0.66,0.79,0.79,-91.00,-91.00,-96.00,-70.00,-88.38,-183.75,-269.00,0.67,0.67,0.89,0.92,0.88,0.92,0.96,0.75,0.46,0.67,0.71,0.83,0.96,0.88,0.75,0.58,0.67,0.88,0.96
F,30.00,33.00,7.00,6.00,7.00,0.28,0.61,0.33,0.50,2.80,1.10,2.00,1.95,-546,-607,-577,6.43,5.00,8.13,-1.63,-4.13,-4.63,-12.75,-15.00,-30.75,0.74,0.62,0.71,-103.00,-114.00,-83.00,-32.38,-61.25,-145.25,-98.00,1.00,0.78,0.89,0.92,0.92,0.79,0.92,0.79,0.88,0.58,0.71,0.71,0.92,0.96,1.00,0.79,0.75,0.63,0.92
F,26.00,23.00,8.00,10.00,9.00,0.26,0.62,0.19,0.11,2.30,-0.90,1.20,0.85,-686,-787,-702,8.63,5.63,3.88,-1.75,-4.63,-6.50,-18.50,-16.50,-27.75,0.78,0.50,0.79,-119.00,-112.00,-92.00,-12.25,-63.00,-179.67,-233.00,0.94,0.67,0.78,0.79,0.96,0.92,0.92,0.71,0.79,0.75,0.58,0.83,1.00,0.83,0.33,0.54,0.79,0.92,0.92
F,22.00,26.00,14.00,6.00,10.00,0.16,0.54,0.41,0.57,0.20,1.80,-0.80,0.40,-480,-590,-564,4.88,3.75,5.00,-2.88,-3.50,-3.75,-22.75,-19.75,-25.25,0.62,0.59,0.78,-137.00,-90.00,-65.00,-68.25,-61.25,-190.75,-317.00,0.83,0.61,0.89,0.96,0.83,0.88,0.96,0.71,0.83,0.75,0.29,0.75,0.92,0.92,0.58,0.42,0.63,0.96,0.92
M,24.00,31.00,14.00,14.00,12.00,-0.15,0.55,0.66,0.50,1.10,0.90,3.00,1.63,-483,-592,-545,7.38,3.88,7.71,-2.88,-2.00,-2.00,-17.00,-8.25,-23.75,0.71,0.72,0.88,-88.00,-93.00,-53.00,-25.38,-90.13,-129.50,-217.00,0.89,0.72,0.83,0.88,1.00,1.00,0.96,0.96,0.88,0.88,0.79,0.88,0.83,0.79,0.79,0.54,0.75,1.00,0.96
F,38.00,22.00,1.00,7.00,9.00,0.14,0.64,0.41,0.49,2.50,2.40,2.40,2.40,-701,-702,-609,2.88,3.75,3.13,-1.38,-10.63,-4.13,-21.50,-25.50,-52.00,0.87,0.57,0.80,-172.00,-126.00,-81.00,-49.88,-75.25,-222.25,-157.50,0.72,0.67,0.72,0.96,0.75,0.83,0.96,0.54,0.50,0.83,0.79,0.92,0.88,0.92,0.83,0.63,0.75,0.83,0.83
F,20.00,25.00,9.00,10.00,6.00,0.37,0.58,0.58,0.72,1.40,1.50,1.80,1.57,-576,-592,-546,4.00,4.43,4.88,-4.75,-5.00,-5.14,-19.50,-15.50,-34.75,0.71,0.60,0.78,-122.00,-61.00,-81.00,-34.13,-51.63,-187.25,-194.25,0.72,0.78,0.78,0.79,0.88,0.79,0.79,0.88,0.46,0.75,0.79,0.92,1.00,0.96,0.79,0.58,0.83,1.00,0.96
F,25.00,26.00,4.00,8.00,3.00,0.21,0.81,0.52,0.36,3.30,1.70,2.10,2.35,-561,-624,-576,3.88,4.57,6.75,-2.25,-7.38,-6.88,-21.25,-13.25,-44.00,0.77,0.50,0.77,-139.00,-104.00,-67.00,-14.00,-71.75,-295.75,-169.88,0.67,0.83,1.00,0.92,0.88,0.92,0.79,0.79,0.71,0.46,0.67,0.83,1.00,0.88,0.54,0.38,0.75,0.88,0.96
M,25.00,36.00,13.00,16.00,12.00,0.43,0.90,0.57,0.94,4.25,1.10,2.40,2.58,-371,-495,-435,7.50,5.50,7.50,-1.63,-2.38,-1.38,-12.00,-8.75,-20.75,0.90,0.86,0.93,-73.00,-58.00,-54.00,-10.50,-25.38,-68.25,-68.25,0.83,0.89,1.00,0.96,1.00,0.92,1.00,0.88,0.88,0.92,0.83,0.92,1.00,0.96,0.96,0.88,1.00,0.96,0.96
F,23.00,37.00,10.00,13.00,10.00,0.20,0.86,0.50,0.68,2.70,1.80,3.30,2.60,-480,-629,-550,7.38,6.50,6.38,-2.75,-4.13,-2.86,-13.00,-16.00,-25.25,0.89,0.70,0.87,-126.00,-112.00,-62.00,-39.38,-39.38,-164.50,-133.00,0.89,0.78,0.78,0.92,0.79,0.96,0.88,0.79,0.67,0.92,0.54,0.79,1.00,0.88,0.96,0.88,0.83,0.79,0.88
F,22.00,22.00,4.00,7.00,6.00,0.13,0.13,0.42,0.30,1.10,0.10,0.70,0.63,-558,-702,-608,2.29,1.86,2.13,-3.43,-6.13,-6.50,-21.25,-24.86,-46.75,0.54,0.50,0.80,-104.00,-73.00,-112.00,-44.63,-65.63,-241.50,-245.00,0.61,0.39,0.61,0.92,0.67,0.79,0.75,0.71,0.54,0.67,0.75,0.71,0.54,0.71,0.67,0.63,0.79,0.88,0.92
F,21.00,29.00,5.00,5.00,7.00,-0.18,0.19,0.41,0.49,1.50,-0.20,0.00,0.42,-623,-592,-546,4.29,3.00,5.38,-4.13,-7.13,-2.88,-19.50,-32.25,-45.00,0.90,0.80,0.74,-224.00,-68.00,-95.00,-23.63,-58.63,-301.00,-154.00,0.56,0.61,0.61,0.83,0.83,1.00,0.88,0.63,0.75,0.71,0.83,0.92,0.96,0.71,0.67,0.54,0.75,0.88,0.96
F,23.00,32.00,12.00,11.00,14.00,0.31,0.50,0.50,0.58,2.55,0.90,1.80,1.72,-504,-660,-584,4.38,4.25,10.75,-3.25,-3.25,-2.75,-16.25,-18.00,-26.25,0.84,0.78,0.89,-111.00,-74.00,-81.00,-15.75,-77.00,-206.50,-134.75,0.72,0.89,0.94,0.92,0.96,0.92,0.96,0.88,0.67,0.88,0.79,0.96,1.00,0.88,0.75,0.71,0.83,0.96,0.96
M,20.00,35.00,14.00,16.00,14.00,0.53,0.66,0.70,0.80,1.30,1.30,3.60,2.07,-499,-515,-483,9.38,7.25,8.75,-2.63,-4.75,-8.43,-16.25,-15.50,-57.50,0.72,0.59,0.84,-94.00,-85.00,-67.00,-16.63,-47.25,-159.25,-127.75,0.83,0.67,0.78,0.79,0.92,0.88,1.00,0.71,0.58,0.88,0.79,0.75,1.00,0.88,1.00,0.71,0.83,0.88,0.96
M,20.00,41.00,14.00,16.00,17.00,0.62,0.74,0.67,0.79,1.15,0.00,-0.20,0.32,-510,-579,-440,7.38,3.75,2.88,-2.57,-5.71,-6.75,-18.25,-20.75,-39.25,0.74,0.76,0.82,-120.00,-54.00,-46.00,-39.38,-37.63,-204.75,-157.50,0.39,0.67,0.67,0.67,0.96,0.96,0.83,0.92,0.58,0.71,0.58,0.83,1.00,1.00,0.88,0.67,0.54,1.00,1.00
M,22.00,26.00,5.00,12.00,12.00,-0.02,0.28,0.81,0.50,0.55,0.10,0.50,0.38,-468,-639,-531,2.75,2.50,4.13,-2.00,-3.75,-8.57,-24.29,-22.00,-34.50,0.67,0.73,0.69,-163.00,-187.00,-81.00,-84.00,-53.38,-197.75,-239.75,0.78,0.72,0.61,0.83,0.96,0.79,0.75,0.71,0.46,0.88,0.71,0.58,0.79,0.83,0.79,0.50,0.25,0.75,0.96
F,25.00,27.00,9.00,9.00,10.00,0.36,0.09,0.31,0.57,2.05,0.30,0.60,0.97,-529,-624,-600,5.25,4.50,6.38,-3.13,-13.00,-2.38,-18.75,-26.00,-30.00,0.74,0.63,0.83,-141.00,-135.00,-112.00,-93.63,-102.38,-297.50,-253.00,0.72,0.83,0.78,0.79,0.38,1.00,0.96,0.63,0.71,0.83,0.75,0.88,0.83,0.54,0.54,0.58,0.54,0.67,0.88
F,20.00,35.00,9.00,12.00,14.00,0.37,0.94,0.43,0.53,3.05,2.60,3.30,2.97,-436,-561,-468,7.63,4.88,6.38,-2.88,-6.25,-2.63,-15.25,-19.25,-24.75,0.67,0.73,0.70,-88.00,-67.00,-71.00,-18.38,-39.38,-161.00,-82.25,0.78,0.44,0.94,0.92,0.79,1.00,1.00,0.75,0.54,0.71,0.75,0.79,1.00,0.92,0.75,0.88,0.88,0.92,0.96
F,28.00,29.00,10.00,9.00,8.00,0.22,0.53,0.41,0.40,0.55,0.30,0.10,0.32,-577,-592,-531,2.71,2.88,3.50,-4.50,-11.00,-11.88,-25.00,-39.50,-33.25,0.71,0.55,0.64,-96.00,-125.00,-104.00,-22.75,-90.13,-191.00,-241.00,0.39,0.56,0.61,0.75,0.75,0.63,0.83,0.79,0.46,0.54,0.54,0.58,1.00,0.58,0.54,0.42,0.92,0.67,0.88
F,20.00,31.00,9.00,13.00,7.00,0.32,0.37,0.49,0.80,2.45,0.90,3.50,2.27,-450,-671,-494,4.25,4.63,2.63,-2.13,-2.50,-3.25,-23.50,-16.25,-33.50,0.71,0.81,0.83,-97.00,-85.00,-95.00,-23.63,-70.88,-178.50,-175.00,0.72,0.78,0.67,0.88,1.00,1.00,0.88,0.79,0.54,0.83,0.63,0.63,0.96,0.92,0.71,0.67,0.92,0.96,0.88
M,20.00,22.00,5.00,1.00,9.00,0.39,0.20,0.38,0.60,3.05,2.10,1.40,2.17,-539,-500,-415,7.25,7.38,6.88,-1.50,-4.24,-3.88,-12.75,-16.50,-24.75,0.79,0.72,0.89,-95.00,-92.00,-60.00,-27.13,-28.00,-231.00,-137.00,0.87,0.72,0.89,0.92,0.33,0.92,0.88,0.63,0.67,0.88,0.75,0.92,0.96,1.00,0.79,0.83,0.58,0.96,1.00
M,21.00,29.00,7.00,12.00,10.00,0.10,0.91,0.63,0.54,3.45,3.20,3.70,3.43,-545,-553,-514,11.00,6.50,7.50,-1.63,-2.25,-6.25,-12.29,-10.00,-34.00,0.81,0.94,0.81,-109.00,-70.00,-91.00,-19.25,-62.13,-148.75,-196.00,0.83,0.61,0.89,0.96,1.00,0.79,0.92,0.79,0.83,0.83,0.63,0.71,1.00,0.88,0.67,0.83,0.96,1.00,0.88
F,20.00,37.00,8.00,14.00,14.00,0.15,0.53,0.52,0.84,4.20,1.60,3.30,3.02,-468,-592,-546,7.13,8.00,7.63,-1.00,-4.88,-3.38,-19.75,-14.57,-27.25,0.78,0.84,0.78,-90.00,-95.00,-54.00,-20.13,-37.63,-215.25,-218.75,0.94,0.89,0.89,0.96,1.00,0.88,0.88,0.71,0.67,0.83,0.71,0.88,1.00,1.00,0.88,0.46,1.00,0.96,1.00
F,23.00,20.00,4.00,9.00,8.00,0.23,0.70,0.41,0.56,2.90,0.70,0.10,1.23,-453,-529,-452,4.00,4.00,3.63,-2.00,-4.88,-4.75,-20.57,-8.25,-24.00,0.71,0.79,0.85,-108.00,-86.00,-51.00,-40.40,-82.25,-159.54,-187.25,0.50,0.67,0.61,0.17,0.88,0.92,0.79,0.92,0.71,0.67,0.67,0.50,0.79,0.67,0.33,0.63,0.96,0.08,1.00
M,26.00,26.00,6.00,7.00,12.00,0.32,0.84,0.41,0.68,1.55,0.20,0.40,0.72,-474,-640,-451,4.00,2.63,5.50,-3.75,-6.57,-10.25,-41.25,-18.29,-35.75,0.72,0.50,0.90,-57.00,-59.00,-62.00,-42.88,-44.63,-199.50,-117.25,0.83,0.61,0.78,0.71,0.71,0.50,0.67,0.88,0.63,0.79,0.63,0.79,1.00,0.88,0.71,0.17,1.00,0.96,0.92
F,27.00,30.00,11.00,14.00,16.00,0.14,0.91,0.66,0.82,3.15,4.20,3.80,3.68,-530,-569,-529,6.25,5.14,9.13,-2.13,-5.88,-2.50,-14.50,-9.50,-22.75,0.88,0.78,0.87,-81.00,-70.00,-53.00,-101.00,-37.63,-210.00,-171.50,0.94,0.83,0.89,1.00,0.96,0.92,1.00,0.79,0.75,0.92,1.00,0.96,1.00,0.92,0.92,0.67,1.00,0.88,0.88
M,32.00,37.00,8.00,9.00,10.00,0.13,0.52,0.71,0.62,2.85,-0.10,2.50,1.75,-569,-564,-480,2.71,3.38,2.75,-2.88,-3.75,-5.75,-18.00,-10.50,-48.75,0.83,0.86,0.79,-105.00,-82.00,-61.00,-56.00,-70.88,-215.00,-101.50,0.44,0.56,0.61,0.79,0.88,0.88,0.92,0.88,0.58,0.79,0.79,0.83,0.79,0.88,0.67,0.42,0.83,0.83,0.08
F,22.00,29.00,10.00,11.00,10.00,0.07,0.21,0.54,0.77,2.80,-0.10,0.20,0.97,-546,-607,-515,5.00,9.50,3.00,-1.38,-8.00,-8.88,-20.25,-17.75,-36.50,0.64,0.71,0.76,-121.00,-66.00,-60.00,-58.63,-63.88,-215.25,-331.00,0.78,0.50,0.72,0.92,0.96,0.67,0.71,0.75,0.58,0.63,0.67,0.92,0.92,0.75,0.92,0.46,0.79,1.00,0.96
M,20.00,31.00,12.00,13.00,16.00,0.17,0.66,0.54,0.84,2.90,-0.80,4.20,2.10,-436,-531,-437,3.13,6.88,5.88,-1.63,-2.75,-6.63,-23.50,-14.00,-37.25,0.76,0.67,0.76,-97.00,-55.00,-66.00,-28.88,-57.75,-129.50,-161.00,0.67,0.61,1.00,0.83,0.92,0.75,0.88,0.79,0.67,0.71,0.67,0.79,1.00,0.83,0.83,0.79,0.96,1.00,1.00
M,26.00,24.00,7.00,10.00,8.00,0.30,0.70,0.46,0.68,3.05,3.70,3.30,3.35,-534,-609,-529,8.38,9.71,9.13,-1.13,-2.75,-2.50,-16.75,-6.86,-26.00,0.82,0.89,0.87,-69.00,-102.00,-47.00,-32.38,-74.38,-89.25,-89.25,0.72,0.89,0.56,0.92,0.96,0.88,0.83,0.96,0.79,0.88,0.96,1.00,1.00,0.83,0.88,0.71,0.96,1.00,0.88
F,20.00,32.00,5.00,10.00,6.00,0.00,0.57,0.33,0.44,-1.00,0.90,-0.70,-0.27,-507,-609,-561,4.25,3.00,3.00,-4.38,-5.63,-6.00,-18.00,-8.25,-30.75,0.71,0.86,0.73,-65.00,-97.00,-67.00,-28.00,-48.13,-246.75,-289.00,0.94,0.17,0.56,0.92,0.88,0.88,0.88,0.92,0.79,0.71,0.75,0.88,0.96,0.88,0.75,0.63,1.00,0.75,1.00
F,23.00,35.00,11.00,13.00,17.00,0.27,0.67,0.37,0.36,0.90,0.10,2.40,1.10,-531,-678,-546,5.63,3.75,6.00,-2.25,-2.25,-4.00,-7.75,-13.25,-31.75,0.69,0.67,0.81,-113.00,-82.00,-52.00,-28.88,-54.25,-56.00,-131.25,0.89,0.22,0.94,0.83,1.00,0.92,0.88,0.83,0.63,0.63,0.75,0.75,0.96,0.83,0.92,1.00,0.83,0.92,0.96
F,23.00,32.00,11.00,11.00,10.00,0.09,0.72,0.52,0.79,3.30,2.50,5.90,3.87,-510,-575,-480,8.00,7.00,6.13,-1.25,-4.50,-4.50,-18.00,-13.75,-38.00,0.73,0.76,0.84,-104.00,-71.00,-80.00,-21.88,-43.75,-157.50,-180.25,1.00,0.83,0.94,0.92,0.92,0.92,0.83,0.67,0.46,0.83,0.67,0.75,0.96,0.92,0.71,0.38,1.00,0.88,0.50
M,24.00,33.00,13.00,12.00,10.00,0.61,0.69,0.67,0.88,1.75,1.40,2.90,2.00,-468,-483,-437,3.38,6.75,4.88,-1.88,-2.13,-2.63,-16.75,-9.50,-21.14,0.87,0.78,0.86,-87.00,-74.00,-54.00,-23.63,-34.13,-124.25,-66.50,0.94,0.78,0.83,0.96,0.96,0.96,0.96,1.00,0.88,0.88,0.83,0.96,1.00,0.83,0.83,0.83,0.96,0.96,1.00
F,23.00,25.00,7.00,10.00,6.00,0.20,0.24,0.43,0.48,1.85,0.00,1.20,1.05,-514,-609,-546,2.88,2.00,4.50,-2.88,-10.50,-5.75,-11.75,-14.75,-27.43,0.61,0.58,0.74,-79.00,-74.00,-97.00,-46.38,-27.13,-176.88,-140.96,0.67,0.78,0.89,0.71,0.42,0.88,0.83,0.71,0.79,0.67,0.79,0.79,0.96,1.00,0.77,0.55,1.00,0.96,1.00
M,20.00,20.00,4.00,7.00,8.00,0.32,0.72,0.52,0.42,1.10,-0.30,1.00,0.58,-415,-490,-450,4.88,6.75,3.88,-1.75,-4.88,-5.88,-15.00,-13.00,-39.71,0.72,0.60,0.86,-88.00,-78.00,-85.00,-21.00,-38.50,-170.92,-243.00,0.50,0.50,0.61,0.79,0.83,0.83,0.96,0.92,0.58,0.75,0.79,0.88,1.00,0.96,0.79,0.63,0.83,0.75,0.92
F,20.00,31.00,9.00,13.00,9.00,0.32,0.98,0.62,0.81,4.30,3.30,4.90,4.15,-499,-570,-491,8.75,6.13,11.13,-2.38,-1.38,-1.43,-16.75,-18.25,-27.00,0.76,0.73,0.85,-80.00,-41.00,-46.00,-15.75,-27.13,-136.50,-154.00,0.94,0.94,0.94,1.00,0.92,1.00,0.92,0.83,0.54,0.79,0.83,0.83,1.00,0.96,0.83,0.79,0.21,0.83,1.00
M,22.00,29.00,12.00,12.00,17.00,0.38,0.89,0.73,0.79,3.05,-0.50,1.40,1.33,-513,-561,-529,5.13,5.00,9.13,-1.88,-4.00,-4.50,-11.25,-14.25,-25.00,0.75,0.78,0.90,-86.00,-81.00,-75.00,-26.25,-40.25,-113.75,-129.50,0.78,0.72,0.67,0.96,0.88,0.96,1.00,0.92,0.79,0.79,0.71,1.00,1.00,0.96,0.71,0.13,0.92,0.88,0.96
M,24.00,25.00,10.00,12.00,12.00,0.36,0.62,0.67,0.39,1.65,-0.10,1.50,0.98,-479,-539,-520,6.00,6.38,7.13,-2.13,-3.00,-1.88,-17.50,-10.75,-24.50,0.78,0.84,0.79,-89.00,-63.00,-52.00,-16.63,-34.13,-164.50,-154.00,0.78,0.83,0.94,0.92,1.00,1.00,0.83,0.71,0.67,0.67,0.83,0.79,1.00,1.00,0.50,0.63,0.88,1.00,1.00
F,22.00,36.00,10.00,12.00,10.00,0.41,0.95,0.49,0.71,6.10,4.00,4.30,4.80,-577,-638,-639,6.00,8.13,8.75,-1.57,-4.25,-2.88,-12.00,-18.25,-24.25,0.72,0.74,0.84,-81.00,-97.00,-43.00,-48.13,-52.50,-143.50,-87.50,0.94,0.89,1.00,0.88,0.88,0.88,0.96,0.83,0.88,0.83,0.67,0.75,0.92,0.92,0.75,0.88,0.92,0.79,1.00
M,23.00,26.00,11.00,6.00,11.00,0.00,0.34,0.60,0.81,0.85,0.90,1.60,1.12,-498,-483,-514,5.63,5.63,5.38,-1.75,-2.75,-4.25,-17.25,-9.75,-22.25,0.79,0.85,0.85,-60.00,-70.00,-74.00,-27.13,-84.00,-127.75,-137.00,0.89,0.67,0.83,0.88,0.96,0.96,0.88,0.92,0.71,0.71,0.75,0.83,1.00,0.96,0.79,0.79,1.00,1.00,0.88
M,25.00,28.00,9.00,8.00,11.00,0.19,0.42,0.54,0.40,2.75,2.20,2.40,2.43,-577,-640,-577,3.13,3.00,4.25,-2.38,-5.38,-2.88,-18.00,-15.00,-24.00,0.90,0.89,0.88,-90.00,-93.00,-61.00,-25.00,-76.13,-189.00,-138.25,0.83,0.56,0.78,0.96,0.96,0.04,0.88,0.83,0.63,0.83,0.83,0.92,0.92,0.96,0.88,0.83,0.83,0.88,1.00
M,20.00,28.00,8.00,10.00,13.00,0.21,0.91,0.54,0.52,1.15,1.30,2.80,1.73,-456,-499,-468,6.88,9.25,8.88,-2.38,-5.63,-4.00,-19.00,-14.75,-33.25,0.66,0.50,0.64,-98.00,-65.00,-50.00,-19.25,-45.50,-134.75,-89.25,0.94,0.83,0.89,0.88,0.96,0.92,0.96,0.83,0.67,0.38,0.42,0.92,0.96,0.96,0.92,0.67,0.79,0.83,1.00
F,21.00,31.00,6.00,11.00,11.00,0.10,0.35,0.82,0.81,0.75,0.50,-0.80,0.17,-451,-577,-529,2.88,2.88,2.88,-5.25,-10.43,-5.38,-28.25,-28.50,-38.29,0.49,0.52,0.78,-102.00,-95.00,-80.00,-62.13,-91.88,-182.00,-218.75,0.39,0.78,0.72,0.88,0.63,0.21,0.88,0.79,0.50,0.67,0.58,0.79,0.92,0.75,0.58,0.58,0.63,0.71,0.96
F,22.00,22.00,10.00,10.00,5.00,0.18,-0.13,0.19,0.37,0.45,0.30,-0.60,0.08,-591,-717,-639,4.13,4.13,5.88,-2.00,-7.25,-5.25,-26.75,-20.75,-22.00,0.69,0.50,0.69,-104.00,-91.00,-137.00,-52.50,-112.00,-213.50,-231.00,0.78,0.44,0.78,0.92,0.88,0.88,0.67,0.63,0.58,0.42,0.54,0.75,0.96,0.71,0.50,0.63,0.83,0.83,0.75
F,24.00,37.00,16.00,12.00,16.00,0.46,0.75,0.64,0.56,4.05,1.90,3.90,3.27,-510,-559,-549,9.13,6.13,6.40,-3.00,-1.88,-2.13,-13.25,-13.00,-29.50,0.81,0.64,0.77,-66.00,-105.00,-65.00,-19.25,-28.88,-225.75,-151.00,0.89,0.89,0.87,0.79,1.00,1.00,0.88,0.83,0.71,0.88,0.79,0.79,1.00,0.88,0.79,0.88,0.96,0.88,0.96
M,22.00,32.00,9.00,12.00,13.00,0.16,0.54,0.62,0.69,2.75,2.70,3.80,3.05,-562,-545,-562,6.00,10.13,9.50,-3.75,-3.25,-2.63,-21.75,-14.25,-28.75,0.78,0.81,0.87,-71.00,-69.00,-51.00,-54.25,-41.13,-113.75,-138.25,0.89,0.94,0.89,0.88,1.00,0.96,0.83,0.88,0.88,0.88,0.88,1.00,0.79,0.88,1.00,0.83,0.92,1.00,0.96
M,27.00,35.00,10.00,10.00,15.00,0.52,0.99,0.58,0.89,2.35,2.20,4.20,2.92,-514,-577,-499,7.00,5.86,9.25,-2.25,-2.75,-2.50,-12.00,-12.50,-43.50,0.78,0.83,0.87,-80.00,-73.00,-57.00,-24.50,-35.00,-105.00,-126.00,0.83,0.67,0.89,1.00,0.96,0.96,1.00,0.88,0.63,0.75,0.75,0.96,0.96,0.96,0.92,0.79,0.96,0.88,1.00
M,20.00,34.00,13.00,15.00,12.00,0.31,0.96,0.62,0.82,4.80,1.50,3.20,3.17,-401,-549,-489,7.75,4.88,5.13,-2.63,-0.88,-2.25,-9.25,-10.25,-20.57,0.81,0.83,0.83,-80.00,-75.00,-71.00,-14.00,-40.25,-133.00,-110.25,0.89,0.67,0.67,0.96,0.96,0.96,0.96,0.92,0.75,0.88,0.71,0.96,1.00,0.88,0.29,0.46,0.88,0.88,0.96
F,,33.00,10.00,9.00,6.00,0.00,0.35,0.51,0.41,2.25,2.00,3.10,2.42,-529,-656,-578,3.75,6.88,5.50,-1.00,-1.63,-3.00,-14.29,-7.50,-28.75,0.88,0.78,0.79,-86.00,-122.00,-80.00,-20.13,-35.00,-225.75,-133.00,0.72,0.78,0.83,1.00,0.96,1.00,0.92,0.96,0.79,0.83,0.83,0.96,1.00,0.92,0.67,0.75,0.92,1.00,0.88
F,22.00,29.00,5.00,10.00,11.00,0.16,0.43,0.72,0.64,3.45,0.90,2.20,2.17,-421,-483,-476,6.00,4.75,4.38,-2.00,-4.75,-3.63,-18.00,-16.00,-36.00,0.81,0.50,0.93,-84.00,-81.00,-58.00,-18.38,-47.25,-178.50,-85.00,0.89,0.78,0.78,0.96,0.92,0.92,0.79,0.54,0.71,0.71,0.50,0.92,1.00,0.96,0.83,0.71,0.96,0.83,1.00
F,24.00,22.00,10.00,11.00,13.00,0.23,0.28,0.64,0.68,2.85,1.20,1.80,1.92,-549,-671,-550,4.25,5.38,7.25,-2.63,-2.86,-1.63,-22.00,-19.25,-44.00,0.84,0.71,0.92,-123.00,-109.00,-116.00,-36.02,-58.92,-203.00,-141.00,0.67,0.72,0.72,0.92,0.88,1.00,0.75,0.88,0.83,0.79,0.92,0.96,0.86,0.83,0.58,0.63,0.71,0.79,1.00
F,22.00,34.00,8.00,15.00,10.00,0.21,0.59,0.53,0.79,1.65,-0.30,4.10,1.80,-500,-608,-584,8.50,5.50,10.63,-2.29,-2.38,-4.50,-14.50,-16.50,-22.86,0.80,0.72,0.88,-110.00,-83.00,-93.00,-27.13,-84.88,-120.75,-143.50,0.67,0.94,0.94,0.83,1.00,0.92,0.71,0.92,0.83,0.96,0.83,0.92,1.00,0.71,0.75,0.83,0.96,0.79,0.96
F,23.00,36.00,15.00,15.00,16.00,0.31,0.91,0.67,0.79,4.00,4.20,3.30,3.82,-397,-491,-451,7.88,3.13,7.50,-1.38,-2.00,-5.75,-10.50,-10.50,-27.75,0.83,0.86,0.81,-67.00,-68.00,-58.00,-19.25,-31.50,-75.25,-94.50,0.78,0.61,0.83,0.96,1.00,0.88,1.00,0.88,0.71,0.88,0.96,0.83,1.00,0.92,1.00,0.88,1.00,0.88,0.96
F,22.00,36.00,14.00,11.00,15.00,0.40,0.94,0.78,0.87,4.40,3.50,3.30,3.72,-461,-468,-437,6.38,5.75,7.75,-2.38,-2.63,-3.25,-12.50,-15.25,-28.75,0.79,0.72,0.76,-97.00,-63.00,-77.00,-27.13,-28.00,-96.25,-133.00,0.89,0.72,1.00,0.92,0.96,0.83,0.88,0.83,0.75,0.79,0.83,0.71,1.00,0.96,1.00,0.63,0.96,0.92,0.96
F,22.00,26.00,12.00,15.00,16.00,0.46,0.38,0.82,0.87,5.00,3.10,4.00,4.03,-410,-469,-430,7.13,8.13,11.88,-1.38,-2.63,-1.75,-9.25,-8.25,-22.25,0.88,0.73,0.82,-79.00,-67.00,-39.00,-28.88,-28.00,-71.75,-78.75,1.00,0.94,0.89,1.00,0.96,1.00,0.88,0.88,0.75,0.92,0.83,0.75,1.00,1.00,1.00,0.79,0.96,1.00,1.00
F,20.00,34.00,6.00,10.00,12.00,-0.09,0.40,0.38,0.39,-0.25,0.00,0.90,0.22,-514,-748,-562,8.14,4.25,6.63,-2.00,-4.71,-4.50,-16.75,-16.50,-19.00,0.88,0.79,0.82,-130.00,-98.00,-57.00,-84.00,-33.25,-274.75,-227.00,0.67,0.67,1.00,0.83,0.83,0.88,0.92,0.67,0.71,0.75,0.75,0.88,0.92,0.92,0.71,0.54,0.96,1.00,1.00
F,22.00,32.00,7.00,12.00,11.00,0.26,0.22,0.56,0.56,1.45,0.60,2.00,1.33,-479,-520,-459,5.13,3.38,6.00,-1.25,-5.38,-1.88,-15.43,-19.00,-31.00,0.71,0.79,0.77,-109.00,-80.00,-78.00,-24.50,-42.88,-136.50,-140.58,0.83,0.72,0.83,0.83,0.79,1.00,0.92,0.88,0.58,0.63,0.63,0.79,0.96,0.83,0.63,0.71,0.92,0.96,0.67
M,21.00,24.00,13.00,12.00,15.00,0.11,0.56,0.60,0.46,1.70,-0.10,1.60,1.03,-499,-577,-546,5.75,4.63,7.63,-1.25,-3.88,-2.38,-16.75,-10.00,-31.75,0.81,0.77,0.82,-129.00,-97.00,-121.00,-77.88,-107.63,-225.75,-180.25,1.00,0.67,0.78,0.88,1.00,0.96,0.96,0.96,0.63,0.79,0.88,0.88,0.96,0.79,0.38,0.08,0.46,0.71,0.92
M,21.00,23.00,6.00,1.00,12.00,0.41,0.69,0.48,0.70,1.30,1.50,1.60,1.43,-624,-639,-577,4.86,5.00,4.38,-0.75,-2.88,-5.25,-15.75,-17.00,-25.00,0.80,0.70,0.81,-111.00,-66.00,-58.00,-11.38,-64.75,-176.75,-140.00,0.89,0.61,0.78,0.96,0.83,0.96,0.92,0.58,0.79,1.00,0.67,0.96,1.00,0.75,0.96,1.00,0.92,0.96,0.96
F,21.00,27.00,7.00,11.00,12.00,0.22,0.72,0.48,0.52,3.30,3.30,2.80,3.12,-519,-599,-550,7.25,7.38,9.88,-0.75,-6.25,-1.38,-19.75,-14.25,-25.75,0.78,0.91,0.82,-98.00,-114.00,-80.00,-98.00,-89.25,-222.25,-162.75,0.89,0.72,0.94,0.96,1.00,0.88,0.96,0.79,0.79,0.88,0.79,0.88,1.00,0.58,0.71,0.67,0.96,0.88,0.92
F,22.00,38.00,12.00,15.00,13.00,0.23,0.44,0.70,0.99,5.30,2.50,5.30,4.35,-546,-592,-546,2.38,5.38,5.00,-1.63,-2.88,-4.63,-13.50,-6.75,-20.25,0.77,0.55,0.78,-108.00,-69.00,-58.00,-21.88,-30.63,-145.25,-124.25,0.61,0.61,0.72,0.88,0.96,0.88,0.96,0.96,0.79,0.67,0.54,0.75,1.00,0.96,0.79,0.92,0.92,0.96,0.75
F,24.00,36.00,15.00,11.00,16.00,0.52,0.69,0.68,0.74,4.25,1.90,4.90,3.67,-514,-546,-554,4.63,4.63,11.25,-2.50,-2.13,-4.13,-21.50,-11.00,-28.50,0.86,0.79,0.89,-60.00,-71.00,-64.00,-20.13,-39.38,-141.75,-133.00,0.72,0.67,0.89,0.92,0.92,0.88,0.79,0.63,0.63,0.88,0.88,1.00,1.00,0.96,0.75,0.96,0.96,0.96,0.96
F,24.00,21.00,8.00,7.00,6.00,0.10,0.63,0.31,0.41,1.55,2.00,1.40,1.62,-514,-655,-546,5.88,5.25,2.13,-4.00,-9.75,-5.25,-27.00,-29.00,-45.75,0.64,0.65,0.77,-99.00,-119.00,-95.00,-108.50,-46.38,-194.96,-201.25,0.72,0.61,0.67,0.92,0.83,0.92,0.92,0.67,0.54,0.79,0.67,0.83,0.83,0.92,0.54,0.58,0.42,0.71,0.83
F,23.00,36.00,12.00,10.00,14.00,0.47,0.69,0.60,0.52,3.25,2.30,1.60,2.37,-465,-569,-489,9.38,7.00,11.00,-2.25,-2.88,-4.88,-18.00,-10.50,-25.25,0.81,0.68,0.75,-114.00,-92.00,-60.00,-47.00,-74.38,-178.50,-234.50,0.89,0.94,0.94,0.75,1.00,0.88,0.92,0.92,0.46,0.71,0.79,0.92,1.00,0.92,0.71,0.67,0.79,0.92,1.00
F,23.00,30.00,8.00,9.00,8.00,0.06,0.27,0.46,0.46,1.30,1.00,2.80,1.68,-546,-749,-591,3.71,4.14,4.50,-2.88,-10.63,-4.88,-18.00,-20.00,-23.43,0.73,0.80,0.71,-100.00,-71.00,-63.00,-13.13,-61.25,-152.25,-148.75,0.78,0.50,0.72,0.92,0.88,0.96,0.46,0.92,0.67,0.63,0.75,0.79,1.00,0.79,0.83,0.75,1.00,0.83,0.96
F,21.00,38.00,12.00,14.00,11.00,0.38,0.91,0.70,0.86,3.35,3.20,2.30,2.95,-499,-561,-531,9.75,8.43,7.88,-2.00,-2.50,-3.38,-15.75,-11.25,-28.50,0.81,0.83,0.90,-61.00,-84.00,-53.00,-20.13,-42.00,-54.25,-127.75,0.94,0.94,1.00,0.96,1.00,0.88,0.92,0.92,0.71,0.79,0.83,0.88,1.00,1.00,1.00,0.71,1.00,0.96,1.00
F,24.00,30.00,5.00,12.00,12.00,0.24,0.78,0.59,0.70,3.20,2.40,2.10,2.55,-530,-546,-514,6.43,4.00,8.38,-1.38,-6.75,-1.88,-15.50,-15.00,-42.86,0.75,0.78,0.81,-130.00,-157.00,-68.00,-22.75,-41.13,-248.50,-152.25,0.94,0.61,0.94,1.00,0.88,0.96,0.92,0.79,0.54,0.67,0.75,0.92,1.00,0.96,0.58,0.58,0.75,0.75,1.00
F,24.00,34.00,15.00,15.00,13.00,0.55,0.70,0.59,0.88,4.25,3.80,2.70,3.58,-441,-529,-480,6.25,6.00,6.25,-1.25,-2.13,-1.75,-14.75,-14.00,-37.25,0.83,0.92,0.87,-62.00,-65.00,-58.00,-35.00,-42.00,-141.75,-91.00,0.83,0.94,0.94,0.83,1.00,1.00,1.00,1.00,0.71,0.75,0.83,0.79,0.96,0.92,0.96,0.83,1.00,1.00,0.96
M,29.00,34.00,11.00,9.00,15.00,0.60,0.70,0.80,0.87,4.55,2.50,5.40,4.15,-530,-561,-451,11.63,8.13,11.38,-2.75,-3.38,-1.88,-14.86,-11.25,-26.00,0.82,0.83,0.80,-95.00,-71.00,-57.00,-27.13,-53.38,-103.25,-154.00,1.00,0.89,0.94,0.58,0.88,0.79,0.88,0.88,0.75,0.67,0.88,0.83,1.00,0.88,0.96,0.79,0.92,1.00,1.00
M,21.00,27.00,15.00,12.00,14.00,0.52,0.85,0.57,0.69,1.75,0.50,2.40,1.52,-464,-483,-436,4.13,4.50,6.38,-2.14,-2.63,-2.63,-18.50,-11.00,-29.50,0.62,0.61,0.75,-52.00,-56.00,-55.00,-25.38,-30.63,-183.75,-153.00,0.89,0.78,1.00,0.75,0.83,0.92,0.88,0.83,0.63,0.63,0.67,0.79,1.00,1.00,0.92,0.08,1.00,1.00,1.00
M,21.00,23.00,8.00,9.00,11.00,0.15,0.66,0.79,0.90,3.15,2.70,6.20,4.00,-484,-546,-468,7.63,7.50,9.38,-1.63,-3.50,-2.88,-18.00,-15.00,-30.25,0.82,0.77,0.83,-81.00,-63.00,-61.00,-11.38,-47.25,-119.00,-97.00,0.89,0.89,0.89,0.92,0.92,1.00,0.96,0.79,0.54,0.54,0.79,0.71,1.00,0.92,0.88,0.13,1.00,1.00,0.96
M,20.00,26.00,8.00,16.00,13.00,0.29,0.05,0.63,0.76,2.00,0.20,2.90,1.67,-734,-749,-763,7.86,5.25,5.13,-1.13,-4.00,-2.75,-21.75,-17.43,-33.25,0.71,0.80,0.84,-130.00,-124.00,-96.00,-63.00,-68.25,-260.75,-171.50,0.89,0.67,0.78,0.96,0.96,0.96,0.88,0.75,0.71,0.75,0.54,0.79,0.92,0.79,0.67,0.58,0.71,0.71,0.88
M,24.00,36.00,9.00,14.00,15.00,0.30,0.82,0.67,0.78,3.55,0.70,3.50,2.55,-400,-510,-460,5.43,7.50,8.00,-2.13,-1.75,-1.00,-14.50,-7.00,-19.50,0.91,0.91,0.94,-62.00,-60.00,-41.00,-16.63,-31.50,-178.50,-136.50,0.78,0.94,0.78,0.88,0.96,1.00,1.00,0.96,0.75,1.00,1.00,0.96,1.00,0.96,0.92,0.79,1.00,0.92,1.00
M,20.00,26.00,12.00,14.00,12.00,0.44,0.65,0.68,0.62,2.75,1.30,1.80,1.93,-531,-569,-531,5.25,6.00,8.00,-1.88,-3.25,-5.25,-15.00,-12.00,-22.25,0.72,0.81,0.87,-146.00,-64.00,-102.00,-20.13,-72.63,-241.50,-173.25,1.00,0.89,0.78,0.79,0.75,0.96,1.00,0.83,0.75,0.79,0.71,0.92,1.00,0.88,0.58,0.58,0.67,0.88,0.88
F,21.00,32.00,9.00,16.00,16.00,0.32,0.48,0.62,0.74,3.70,2.60,3.40,3.22,-484,-546,-522,11.38,6.43,9.75,-2.25,-4.75,-3.43,-19.00,-12.25,-36.86,0.64,0.65,0.86,-94.00,-89.00,-37.00,-17.50,-46.38,-194.25,-129.58,0.94,0.89,0.83,0.75,0.92,0.79,0.79,0.79,0.50,0.71,0.63,0.88,1.00,0.92,0.83,0.17,0.79,1.00,0.88
M,21.00,28.00,10.00,8.00,11.00,0.20,0.77,0.68,0.76,3.10,0.60,3.90,2.52,-389,-435,-409,7.57,6.88,6.65,-1.71,-2.00,-3.25,-13.00,-10.57,-22.75,0.65,0.73,0.91,-82.00,-79.00,-56.00,-18.38,-67.38,-182.00,-148.75,0.83,0.83,0.87,0.92,1.00,1.00,0.92,0.92,0.92,0.92,0.79,0.92,0.96,0.71,0.58,0.63,0.83,0.96,0.88
M,19.00,34.00,11.00,15.00,15.00,0.13,0.83,0.64,0.89,2.50,3.90,3.40,3.25,-529,-638,-546,8.75,5.38,6.13,-1.00,-1.50,-3.13,-15.50,-13.25,-37.75,0.76,0.55,0.70,-108.00,-87.00,-56.00,-25.38,-29.75,-218.75,-134.75,0.83,0.72,0.94,0.96,0.96,0.92,1.00,0.88,0.71,0.67,0.83,0.75,1.00,1.00,0.71,0.71,0.88,0.92,0.96
F,33.00,27.00,7.00,8.00,12.00,0.16,0.71,0.38,0.62,4.20,3.10,3.60,3.60,-529,-686,-561,9.75,8.13,9.38,-1.50,-3.00,-2.75,-9.75,-19.50,-16.00,0.83,0.83,0.83,-82.00,-85.00,-51.00,-23.63,-67.38,-236.25,-124.25,0.83,0.89,1.00,0.96,0.92,0.96,0.92,0.71,0.58,0.83,0.83,0.79,1.00,0.79,0.79,0.67,1.00,1.00,0.96
M,22.00,26.00,11.00,11.00,10.00,0.17,0.25,0.78,0.52,1.75,0.70,0.10,0.87,-515,-593,-562,6.75,6.13,10.00,-4.13,-3.00,-4.13,-10.75,-5.71,-27.25,0.91,0.86,0.79,-108.00,-67.00,-77.00,-27.13,-100.63,-196.00,-138.25,0.89,0.78,0.94,0.88,0.88,0.83,1.00,0.88,0.67,0.88,0.96,0.92,0.92,0.96,0.79,0.75,0.88,0.88,0.96
M,28.00,27.00,4.00,13.00,5.00,-0.04,0.50,0.42,0.81,1.80,2.20,2.80,2.25,-720,-680,-690,6.13,9.50,4.50,-3.50,-5.25,-1.38,-17.00,-21.50,-34.75,0.72,0.67,0.72,-155.00,-95.00,-75.00,-53.38,-73.50,-119.00,-164.79,0.83,0.89,0.94,0.83,0.83,1.00,0.71,0.75,0.75,0.79,0.58,0.83,0.75,0.79,0.71,0.50,0.67,0.88,1.00
M,28.00,25.00,6.00,11.00,8.00,0.01,0.25,0.26,0.24,0.75,-0.30,1.85,0.77,-577,-718,-826,4.77,2.88,4.80,-1.50,-2.50,-5.00,-17.24,-16.72,-29.83,0.77,0.76,0.89,-114.04,-121.00,-116.38,-63.88,-94.50,-236.25,-217.00,0.53,0.50,0.67,0.88,0.96,1.00,0.88,0.75,0.63,0.75,0.88,0.92,0.54,0.83,0.63,0.54,0.69,0.54,0.75
M,21.00,18.00,10.00,3.00,11.00,-0.10,0.36,0.41,0.24,0.45,-0.60,0.95,0.27,-559,-539,-510,6.38,5.13,7.60,-3.50,-6.63,-4.88,-24.16,-17.71,-44.97,0.78,0.66,0.55,-199.50,-146.13,-142.63,-105.00,-80.65,-245.00,-142.63,0.94,0.72,0.67,0.83,0.83,0.92,0.83,0.63,0.54,0.50,0.63,0.92,0.88,0.83,0.79,0.79,0.17,0.50,0.21
M,30.00,22.00,9.00,4.00,9.00,0.28,0.69,0.36,0.51,0.95,1.75,1.95,1.55,-546,-607,-529,5.38,4.13,3.00,-2.38,-7.13,-4.38,-23.45,-11.62,-18.74,0.78,0.84,0.91,-70.88,-76.13,-86.63,-25.38,-86.63,-134.75,-105.00,0.61,0.83,0.89,0.79,0.88,0.83,0.58,0.67,0.71,0.79,0.92,0.79,1.00,0.83,0.88,0.63,0.92,0.92,0.58
F,21.00,36.00,12.00,14.00,13.00,0.83,0.95,0.38,0.68,4.95,1.60,2.35,2.97,-600,-764,-522,9.25,6.00,7.50,-1.13,-4.75,-2.25,-14.97,-18.89,-21.38,0.73,0.80,0.79,-67.38,-71.75,-79.63,-19.25,-91.88,-124.25,-131.25,0.89,0.94,0.94,1.00,0.79,0.92,0.92,0.79,0.79,0.88,0.79,0.88,1.00,0.75,0.96,0.75,0.92,1.00,0.96
M,23.00,32.00,13.00,12.00,15.00,0.29,0.78,0.52,0.74,2.35,1.15,1.75,1.75,-459,-529,-470,7.13,5.88,10.00,-1.52,-3.38,-1.00,-13.09,-9.82,-18.75,0.77,0.69,0.83,-59.50,-65.63,-45.50,-21.00,-30.63,-136.50,-99.00,0.89,0.72,0.94,0.92,1.00,1.00,0.88,1.00,0.96,0.63,0.71,0.92,1.00,1.00,0.96,0.67,0.96,0.96,1.00
F,32.00,33.00,10.00,9.00,11.00,0.30,0.70,0.68,0.66,2.60,2.60,4.50,3.23,-576,-576,-576,6.00,7.29,5.40,-1.75,-3.63,-4.63,-15.23,-17.07,-30.36,0.81,0.91,0.81,-74.38,-75.25,-61.25,-20.13,-32.38,-194.25,-168.00,0.83,0.89,0.94,1.00,0.92,0.71,1.00,0.71,0.67,0.71,0.88,0.71,1.00,0.96,0.79,0.50,0.88,1.00,0.88
F,21.00,27.00,3.00,7.00,8.00,0.26,0.15,0.54,0.64,3.05,1.10,2.15,2.10,-499,-514,-514,7.88,8.63,10.60,-2.00,-2.00,-3.88,-17.42,-13.33,-24.00,0.68,0.67,0.72,-89.25,-96.25,-71.75,-28.00,-79.63,-103.25,-91.00,1.00,0.83,0.94,0.88,0.92,0.88,0.79,0.79,0.67,0.71,0.67,0.67,0.96,0.92,0.92,0.92,0.92,0.96,0.79
F,20.00,38.00,9.00,14.00,13.00,0.47,0.94,0.62,0.58,4.65,2.00,4.30,3.65,-469,-525,-459,7.88,7.13,9.80,-2.00,-2.13,-2.00,-25.24,-10.60,-23.53,0.76,0.78,0.83,-97.13,-72.63,-28.00,-24.50,-33.25,-210.00,-148.75,0.94,0.89,0.94,0.88,0.96,1.00,0.92,0.79,0.96,0.13,0.63,0.96,1.00,0.96,0.88,0.83,0.04,0.96,1.00
F,24.00,37.00,9.00,15.00,13.00,0.39,0.76,0.33,0.83,4.50,2.10,3.30,3.30,-623,-725,-638,13.50,9.75,10.30,-2.25,-2.00,-2.13,-13.05,-11.85,-21.73,0.71,0.67,0.85,-77.88,-54.25,-48.13,-19.25,-77.00,-124.25,-126.00,0.89,0.89,1.00,1.00,1.00,1.00,0.96,0.92,0.71,0.75,0.71,0.75,1.00,0.92,0.67,0.75,0.96,0.96,0.96
M,34.00,25.00,10.00,15.00,11.00,-0.12,0.80,0.81,0.68,2.10,3.85,5.45,3.80,-620,-690,-674,9.38,6.25,6.40,-1.63,-2.38,-5.00,-23.35,-12.00,-34.21,0.76,0.73,0.72,-78.75,-127.75,-62.13,-31.50,-74.38,-141.00,-143.50,1.00,0.94,0.67,0.92,0.96,0.88,0.92,0.88,0.67,0.88,0.75,0.83,1.00,0.50,0.88,0.83,0.96,0.79,1.00
F,40.00,21.17,4.00,2.00,9.00,0.03,0.46,0.27,0.49,2.25,0.45,3.20,1.97,-629,-772,-779,4.26,3.50,4.00,-1.50,-5.88,-4.63,-12.52,-12.18,-29.52,0.76,0.80,0.82,-175.88,-161.88,-120.41,-55.13,-77.00,-154.00,-393.00,0.54,0.61,0.56,0.96,0.75,0.92,0.88,0.79,0.54,0.79,0.92,0.92,0.79,0.75,0.63,0.63,0.71,0.58,0.57
M,19.00,28.00,11.00,13.00,11.00,0.45,0.63,0.84,0.70,2.85,4.30,1.60,2.92,-436,-514,-499,6.25,8.63,8.60,-2.75,-2.00,-2.50,-19.63,-15.27,-28.07,0.69,0.74,0.83,-80.50,-74.38,-62.13,-40.25,-33.25,-197.75,-103.25,0.94,0.83,1.00,0.92,1.00,1.00,0.88,0.71,0.79,0.83,0.75,0.83,1.00,0.96,0.88,0.92,0.96,1.00,1.00
M,23.00,35.00,15.00,16.00,17.00,0.64,0.96,0.78,0.72,4.00,3.10,3.65,3.58,-406,-514,-451,8.63,7.88,10.50,-3.38,-1.63,-1.63,-13.28,-8.98,-24.42,0.89,0.88,0.89,-70.88,-53.38,-41.13,-15.75,-34.13,-89.25,-87.50,0.94,0.78,0.94,0.88,1.00,0.96,1.00,0.88,0.79,0.83,0.92,0.88,0.96,1.00,0.92,0.96,0.96,1.00,1.00
M,24.00,35.00,7.00,9.00,12.00,0.29,0.95,0.67,0.52,1.65,0.90,2.65,1.73,-600,-514,-546,7.75,5.50,8.30,-2.63,-4.38,-3.13,-17.71,-11.51,-19.91,0.75,0.82,0.75,-109.38,-68.25,-75.25,-24.50,-55.13,-181.00,-133.00,0.94,0.94,0.44,0.75,0.96,0.92,1.00,0.79,0.71,0.58,0.38,0.71,1.00,0.88,0.88,0.75,0.71,1.00,0.96
F,29.00,27.00,11.00,6.00,9.00,-0.29,0.33,0.46,0.58,3.30,2.80,4.40,3.50,-514,-592,-531,4.75,5.00,6.60,-2.25,-3.13,-2.25,-14.17,-15.32,-19.56,0.94,0.79,0.83,-86.63,-68.25,-58.63,-21.88,-28.88,-159.25,-110.25,0.78,0.94,0.83,0.88,0.79,1.00,0.83,0.92,0.38,0.79,0.88,0.83,1.00,1.00,0.88,0.63,0.83,1.00,0.96
F,39.00,20.00,7.00,2.00,11.00,0.10,0.39,0.41,0.52,2.10,0.90,2.20,1.73,-655,-779,-639,3.63,4.29,5.00,-2.13,-4.63,-6.00,-14.85,-16.10,-45.28,0.83,0.83,0.85,-106.75,-101.50,-78.75,-28.00,-109.38,-120.75,-134.75,0.72,0.78,0.67,0.88,0.92,0.88,0.96,0.88,0.42,0.79,0.71,0.96,1.00,0.92,1.00,0.75,0.79,0.83,0.83
M,39.00,26.00,6.00,7.00,4.00,-0.03,0.26,0.37,0.69,3.30,0.70,2.25,2.08,-671,-624,-600,6.13,9.43,6.90,-1.88,-1.75,-3.25,-20.28,-9.68,-24.69,0.82,0.74,0.86,-86.63,-112.00,-78.75,-49.00,-76.13,-148.75,-145.25,0.78,0.83,1.00,0.96,0.96,0.96,0.92,0.75,0.50,0.75,0.63,0.71,0.79,0.63,0.88,0.67,0.79,0.79,0.88
F,21.00,22.00,9.00,6.00,8.00,0.22,0.27,0.37,0.43,3.05,1.65,0.70,1.80,-550,-734,-539,7.29,6.50,8.90,-1.63,-2.88,-4.25,-15.88,-11.44,-25.79,0.51,0.58,0.70,-68.25,-71.75,-63.88,-64.75,-110.25,-180.25,-126.00,0.83,0.44,0.72,1.00,1.00,0.92,0.92,0.92,0.75,0.63,0.50,0.71,1.00,0.75,0.75,0.63,0.96,0.88,0.96
M,20.00,31.00,14.00,13.00,16.00,0.49,0.99,0.89,0.83,5.45,3.95,5.80,5.07,-436,-389,-404,4.38,6.88,6.30,-2.50,-2.38,-1.75,-13.90,-9.64,-23.33,0.76,0.71,0.76,-49.88,-63.88,-55.13,-18.38,-26.25,-112.00,-89.25,0.94,0.89,0.94,0.92,0.92,0.92,0.83,0.92,0.75,0.54,0.75,0.83,1.00,1.00,0.96,0.92,1.00,1.00,1.00
M,23.00,30.00,7.00,11.00,7.00,0.31,0.63,0.71,0.51,2.45,0.70,3.30,2.15,-529,-539,-504,4.88,5.29,7.80,-1.75,-2.25,-2.00,-13.32,-10.95,-34.84,0.79,0.80,0.86,-49.00,-60.38,-44.63,-30.63,-52.50,-129.50,-211.75,0.72,0.56,0.94,1.00,1.00,1.00,0.96,0.92,0.71,0.71,0.83,0.88,0.92,0.83,0.96,0.71,0.96,1.00,1.00
F,19.00,34.00,12.00,11.00,11.00,0.52,0.87,0.68,0.77,4.50,4.25,2.50,3.75,-389,-451,-421,8.88,4.38,5.40,-1.13,-1.88,-1.71,-14.68,-13.26,-22.98,0.89,0.74,0.79,-49.88,-63.88,-55.13,-18.38,-35.88,-182.00,-117.25,0.94,0.61,0.78,1.00,0.92,1.00,0.92,1.00,0.79,0.88,1.00,0.96,1.00,1.00,0.92,0.13,1.00,1.00,1.00
M,23.00,32.00,9.00,7.00,14.00,0.19,0.83,0.84,0.66,3.15,3.10,3.30,3.18,-499,-468,-437,7.13,4.75,6.30,-1.38,-4.13,-2.38,-14.38,-13.60,-22.17,0.86,0.76,0.69,-70.00,-57.75,-59.50,-35.00,-58.63,-211.75,-164.00,0.83,0.83,0.89,0.83,0.79,1.00,0.92,0.71,0.67,0.75,0.67,0.88,0.96,0.92,0.79,0.17,1.00,1.00,1.00
F,22.00,29.00,6.00,10.00,10.00,0.14,0.34,0.27,0.53,1.30,0.55,0.60,0.82,-554,-624,-623,7.13,4.86,8.40,-2.13,-8.38,-2.75,-12.71,-15.34,-24.90,0.71,0.58,0.82,-75.00,-83.13,-57.75,-36.75,-93.63,-134.75,-112.00,0.94,0.94,1.00,1.00,0.96,1.00,0.96,0.75,0.58,0.83,0.75,0.83,1.00,0.75,0.92,0.67,1.00,0.75,1.00
M,20.00,38.00,11.00,12.00,14.00,0.30,0.46,0.58,0.64,1.40,2.90,1.20,1.83,-575,-709,-580,10.75,3.63,5.90,-2.00,-5.63,-1.63,-18.26,-11.50,-26.97,0.78,0.65,0.76,-87.50,-83.13,-59.50,-19.25,-75.25,-224.00,-169.75,0.94,0.72,0.83,1.00,0.88,0.96,0.92,0.88,0.63,0.83,0.83,0.92,1.00,0.96,0.54,0.21,0.83,0.88,1.00
M,23.00,30.00,9.00,13.00,13.00,0.11,0.32,0.52,0.93,2.40,1.10,1.95,1.82,-499,-562,-546,5.25,5.88,5.50,-1.88,-4.13,-5.13,-14.73,-15.23,-26.24,0.52,0.75,0.73,-92.75,-80.50,-46.38,-55.13,-80.00,-194.25,-131.00,0.78,0.78,0.72,0.92,0.63,0.79,0.88,0.79,0.75,0.58,0.50,0.88,0.88,0.88,0.79,0.75,0.92,0.96,0.88
F,21.00,25.00,6.00,11.00,6.00,0.30,0.53,0.49,0.51,2.70,2.20,3.65,2.85,-483,-498,-483,6.13,7.50,9.10,-2.63,-1.63,-3.38,-17.58,-17.41,-32.56,0.71,0.86,0.81,-107.63,-107.63,-52.50,-26.25,-39.38,-153.00,-199.50,0.89,1.00,0.89,0.92,1.00,0.79,0.83,0.88,0.50,0.88,0.83,0.88,1.00,0.92,0.67,0.71,0.92,1.00,1.00
M,20.00,27.00,11.00,14.00,14.00,0.14,0.80,0.51,0.71,2.45,1.20,2.30,1.98,-483,-607,-561,8.75,6.38,5.10,-1.75,-3.75,-5.88,-16.60,-16.10,-34.86,0.86,0.76,0.86,-60.38,-146.13,-45.50,-34.13,-34.13,-136.50,-154.00,0.89,0.94,0.89,1.00,0.96,1.00,0.67,0.88,0.46,1.00,0.79,0.92,0.04,0.96,0.92,0.50,1.00,0.67,1.00
M,19.00,24.00,4.00,8.00,11.00,0.11,-0.01,0.60,0.61,2.60,2.40,2.65,2.55,-569,-665,-549,6.00,3.14,5.30,-2.13,-4.63,-2.63,-18.53,-19.64,-24.88,0.70,0.76,0.86,-104.13,-95.38,-97.13,-48.13,-77.00,-210.00,-185.50,0.83,0.44,0.50,0.79,0.83,0.88,0.83,0.63,0.79,0.83,0.67,0.96,1.00,0.71,0.63,0.75,0.83,0.67,0.96
M,23.00,30.00,12.00,13.00,13.00,0.32,0.68,0.79,0.78,3.35,2.10,2.65,2.70,-484,-531,-451,5.63,6.25,8.60,-3.88,-4.38,-4.88,-15.56,-15.54,-20.00,0.88,0.83,0.91,-93.63,-71.75,-41.13,-19.25,-62.13,-217.00,-168.00,0.83,0.56,1.00,0.63,0.83,0.79,0.79,0.88,0.67,0.88,1.00,0.92,1.00,0.88,0.79,0.75,0.79,1.00,1.00
F,24.00,22.00,1.00,8.00,8.00,0.33,0.50,0.54,0.62,2.40,-0.20,-0.50,0.57,-437,-546,-483,5.63,6.25,8.50,-2.00,-4.13,-3.38,-17.28,-9.65,-39.33,0.71,0.79,0.88,-75.54,-51.63,-36.75,-27.13,-70.88,-166.25,-87.50,0.67,0.94,0.89,0.96,1.00,1.00,0.92,0.92,0.67,0.88,0.42,0.83,1.00,0.83,0.83,0.96,0.74,0.96,0.96
F,25.00,30.00,3.00,5.00,8.00,0.26,0.01,0.33,0.13,3.40,-1.40,1.25,1.08,-685,-687,-529,7.00,4.13,9.50,-1.88,-2.88,-2.63,-16.56,-8.71,-23.74,0.67,0.78,0.83,-117.25,-106.75,-63.00,-40.25,-90.13,-106.75,-180.25,1.00,0.72,0.83,1.00,0.96,1.00,0.96,1.00,0.67,0.88,0.71,0.96,0.79,0.92,0.71,0.54,0.79,0.88,0.79
F,27.00,22.00,6.00,7.00,6.00,-0.03,0.39,0.22,0.49,0.50,1.00,1.55,1.02,-660,-939,-629,3.71,4.50,4.40,-0.88,-5.38,-2.25,-25.37,-17.62,-27.18,0.77,0.62,0.93,-139.13,-94.00,-112.88,-68.25,-105.88,-199.50,-217.00,0.89,0.72,0.56,0.92,0.92,0.92,0.83,0.71,0.63,0.83,0.83,0.92,0.96,0.71,0.50,0.50,0.75,0.71,0.83
F,20.00,38.00,11.00,7.00,10.00,0.44,0.49,0.42,0.67,-0.65,1.25,0.15,0.25,-468,-577,-545,7.50,5.38,7.00,-3.50,-4.13,-2.38,-9.97,-10.68,-26.37,0.84,0.70,0.82,-113.75,-107.00,-117.25,-27.13,-71.75,-182.00,-183.00,0.67,0.72,0.89,0.83,1.00,0.92,0.92,0.83,0.71,0.71,0.83,0.71,1.00,0.75,0.71,0.67,0.92,0.92,0.88
M,27.00,28.00,8.00,15.00,14.00,0.17,0.27,0.58,0.58,1.00,-0.25,1.70,0.82,-468,-545,-546,6.13,5.71,7.40,-2.38,-5.75,-8.63,-19.35,-15.63,-27.45,0.54,0.70,0.84,-67.38,-60.38,-60.38,-31.50,-86.63,-215.25,-103.25,1.00,0.83,0.89,0.92,0.88,0.79,1.00,0.75,0.50,0.67,0.88,0.54,1.00,0.96,0.83,0.88,0.75,1.00,0.92
F,19.00,26.00,7.00,8.00,10.00,0.41,0.43,0.52,0.44,3.80,1.75,4.40,3.32,-764,-686,-717,9.75,5.88,8.30,-1.75,-3.63,-3.75,-10.49,-13.40,-24.89,0.82,0.83,0.94,-79.63,-71.75,-69.13,-26.25,-64.75,-173.25,-168.00,1.00,0.89,0.83,1.00,0.96,1.00,0.96,0.75,0.79,0.88,0.79,0.96,0.92,0.92,0.75,0.63,0.92,0.88,0.88
M,19.00,29.67,9.00,11.00,8.00,0.30,0.61,0.43,0.33,1.45,1.40,1.90,1.58,-655,-749,-670,3.13,3.63,2.90,-2.50,-11.63,-11.13,-31.67,-31.25,-36.75,0.55,0.52,0.78,-105.88,-127.75,-86.63,-32.38,-105.00,-175.00,-148.75,0.89,0.39,0.50,0.88,0.71,0.88,0.92,0.88,0.58,0.46,0.79,0.75,0.92,0.79,0.79,0.88,0.83,0.75,0.92
M,20.00,33.00,12.00,9.00,15.00,0.47,0.89,0.82,0.81,5.15,1.75,5.15,4.02,-639,-641,-609,6.75,7.50,7.80,-1.00,-3.63,-1.75,-14.94,-14.61,-16.10,0.86,0.83,0.84,-140.00,-84.88,-90.13,-29.75,-38.50,-173.25,-159.25,0.83,0.89,0.78,0.92,0.92,0.92,0.92,0.79,0.83,0.83,0.92,1.00,0.75,0.92,0.88,0.63,0.83,0.96,1.00
M,27.00,23.00,7.00,7.00,6.00,-0.05,0.12,0.53,0.33,3.30,2.70,1.45,2.48,-545,-654,-562,6.25,3.00,5.30,-1.86,-5.13,-3.63,-20.44,-15.86,-29.91,0.79,0.74,0.79,-119.10,-134.75,-84.88,-32.38,-82.25,-147.00,-96.25,0.94,0.72,0.78,0.83,0.92,0.96,0.96,0.92,0.63,0.71,0.50,0.92,0.92,0.88,0.71,0.08,0.50,0.63,0.83
M,19.00,30.00,9.00,13.00,11.00,0.27,0.82,0.71,0.79,3.80,2.00,5.15,3.65,-374,-468,-429,9.38,7.25,7.00,-1.88,-1.63,-4.00,-16.05,-10.67,-33.21,0.74,0.64,0.69,-84.00,-66.50,-80.50,-22.75,-24.50,-136.50,-106.75,1.00,1.00,0.89,1.00,1.00,0.88,1.00,1.00,0.46,0.71,0.42,0.83,1.00,1.00,0.92,0.79,0.92,1.00,1.00
F,19.00,35.00,10.00,15.00,13.00,0.24,0.73,0.62,0.67,3.75,2.30,2.65,2.90,-520,-589,-459,5.13,6.00,7.90,-1.63,-6.25,-1.38,-13.50,-13.55,-33.47,0.82,0.79,0.82,-96.25,-68.25,-43.75,-49.88,-63.00,-155.75,-147.00,0.94,0.78,0.89,0.96,0.92,0.92,0.96,0.88,0.75,0.75,0.79,0.83,1.00,0.88,0.58,0.17,0.79,0.83,0.92
M,25.00,30.00,8.00,8.00,7.00,-0.03,0.64,0.50,0.37,1.40,1.40,1.00,1.27,-546,-592,-671,5.57,10.25,6.10,-3.63,-3.50,-2.00,-17.57,-14.74,-29.23,0.68,0.53,0.80,-76.13,-73.50,-67.38,-17.50,-21.88,-220.50,-141.75,0.61,0.61,0.61,0.67,1.00,0.88,0.83,0.79,0.54,0.63,0.71,0.83,1.00,0.96,0.50,0.42,0.67,1.00,0.88
F,21.00,37.00,11.00,12.00,12.00,0.25,0.69,0.66,0.92,4.65,2.00,2.80,3.15,-484,-577,-514,7.63,6.50,7.00,-1.75,-5.25,-2.43,-15.71,-12.00,-29.00,0.79,0.89,0.88,-99.75,-91.88,-22.75,-29.75,-61.25,-82.25,-178.50,1.00,0.89,0.89,1.00,0.92,1.00,0.88,0.92,0.83,0.79,0.54,0.83,1.00,0.71,0.83,0.75,0.92,1.00,0.92
F,20.00,25.00,15.00,12.00,11.00,0.47,0.63,0.41,0.51,4.05,2.45,3.75,3.42,-562,-592,-561,6.00,5.13,9.80,-1.75,-4.38,-3.25,-15.64,-8.04,-22.78,0.62,0.50,0.84,-91.00,-56.00,-38.50,-42.00,-63.00,-171.50,-131.25,0.78,0.78,0.89,0.92,1.00,0.88,0.96,0.96,0.58,0.75,0.67,0.92,1.00,0.71,0.83,0.83,1.00,1.00,0.88
M,19.00,34.00,10.00,13.00,12.00,0.23,0.72,0.56,0.98,0.30,-0.75,0.65,0.07,-525,-699,-520,2.13,3.86,2.90,-1.88,-3.63,-1.25,-13.15,-15.80,-41.97,0.73,0.78,0.81,-75.25,-53.38,-35.88,-25.38,-37.63,-150.50,-110.25,0.33,0.72,0.78,1.00,0.92,0.92,1.00,0.83,0.50,0.88,0.79,0.92,1.00,0.92,0.92,0.75,1.00,0.88,0.96
M,22.00,28.00,11.00,4.00,14.00,0.35,0.66,0.97,0.88,4.05,2.90,4.20,3.72,-421,-514,-483,6.50,8.50,9.10,-2.63,-1.75,-3.13,-19.72,-10.62,-27.24,0.87,0.61,0.93,-67.38,-61.25,-83.13,-22.75,-24.50,-54.25,-80.50,0.83,0.83,0.83,0.88,1.00,0.75,0.71,1.00,0.67,0.88,0.88,0.92,0.96,0.92,0.96,0.79,1.00,0.79,0.83
M,40.00,9.00,5.00,3.00,7.00,0.00,-0.08,0.36,0.64,0.55,0.00,1.30,0.62,-638,-959,-637,3.88,1.71,1.88,-3.25,-5.25,-8.13,-26.25,-20.57,-28.99,0.86,0.71,0.79,-147.88,-175.88,-99.31,-42.00,-140.00,-169.71,-160.18,0.50,0.33,0.39,0.79,0.92,0.96,0.88,0.50,0.29,0.88,0.79,1.00,0.88,0.67,0.46,0.50,0.46,0.50,0.33
M,20.00,33.00,12.00,15.00,15.00,0.57,0.73,0.62,0.79,2.05,2.05,3.05,2.38,-479,-510,-459,9.75,7.63,8.38,-0.75,-4.38,-4.88,-17.00,-17.50,-21.25,0.74,0.80,0.74,-94.50,-64.75,-88.38,-21.88,-44.63,-185.50,-181.00,0.89,0.89,0.78,0.88,0.92,0.92,0.92,0.83,0.88,0.83,0.83,0.92,1.00,0.88,0.88,0.58,0.92,0.92,0.04
M,20.00,30.00,12.00,14.00,12.00,0.12,0.77,0.60,0.77,2.90,0.65,1.00,1.52,-468,-592,-529,8.38,7.88,6.75,-1.38,-2.63,-2.25,-16.25,-18.75,-31.00,0.68,0.50,0.79,-74.38,-58.63,-52.50,-13.13,-29.75,-168.00,-133.00,1.00,0.67,0.94,0.79,0.92,0.92,0.83,1.00,0.71,0.83,0.79,0.79,1.00,0.83,0.96,0.71,0.88,0.92,1.00
M,22.00,24.00,7.00,12.00,9.00,0.30,0.52,0.43,0.58,0.70,0.60,0.95,0.75,-436,-468,-487,6.13,4.75,4.25,-2.50,-4.75,-5.14,-24.00,-16.50,-36.86,0.81,0.50,0.77,-82.25,-69.13,-64.75,-29.75,-45.50,-143.50,-115.50,0.61,0.83,0.44,0.92,1.00,0.71,0.83,0.83,0.58,0.79,0.71,0.71,1.00,0.96,0.83,0.58,0.83,1.00,0.79
M,19.00,21.00,3.00,4.00,7.00,-0.03,0.26,0.23,0.43,2.20,1.30,-1.15,0.78,-624,-451,-624,4.25,4.13,5.13,-3.38,-6.25,-6.38,-27.75,-16.25,-39.25,0.64,0.72,0.70,-104.13,-85.75,-79.63,-113.00,-91.00,-287.00,-255.50,0.78,0.61,0.72,0.67,0.88,0.83,0.67,0.75,0.54,0.75,0.83,0.79,0.79,0.71,0.63,0.54,0.88,0.96,0.67
M,34.00,32.00,15.00,14.00,15.00,0.59,0.91,0.84,0.93,3.75,3.70,5.25,4.23,-525,-605,-559,9.25,9.38,5.63,-1.88,-3.38,-1.63,-11.75,-9.25,-27.75,0.83,0.87,0.83,-70.00,-66.50,-50.75,-13.13,-37.63,-126.00,-73.50,0.89,0.94,0.78,0.96,1.00,1.00,1.00,0.96,0.75,0.79,0.71,0.88,0.92,0.88,0.88,0.79,0.88,0.96,1.00
M,22.00,13.00,8.00,3.00,7.00,0.33,0.50,0.36,0.59,2.75,0.20,4.80,2.58,-732,-569,-591,4.50,5.13,4.13,-1.88,-2.00,-5.75,-19.25,-8.25,-27.43,0.65,0.68,0.70,-113.75,-63.88,-45.50,-21.00,-70.88,-85.75,-127.75,0.78,0.78,0.78,0.67,0.79,0.83,0.79,0.96,0.63,0.54,0.63,0.75,1.00,0.96,0.71,0.63,0.92,1.00,0.92
M,22.00,37.00,16.00,16.00,16.00,0.44,0.91,0.80,0.86,3.95,2.60,3.70,3.42,-389,-559,-439,6.00,6.38,8.38,-3.50,-1.75,-1.63,-17.50,-9.75,-16.57,0.88,0.93,0.95,-68.25,-49.00,-46.38,-27.13,-32.38,-134.75,-92.75,0.94,0.78,0.94,0.96,1.00,1.00,0.96,0.96,0.83,0.96,0.92,0.96,1.00,1.00,0.96,0.67,0.96,1.00,1.00
M,24.00,31.00,6.00,6.00,11.00,0.46,0.88,0.87,0.57,2.55,3.50,4.20,3.42,-444,-436,-421,8.88,7.13,7.38,-3.63,-3.57,-3.13,-19.00,-17.25,-30.50,0.74,0.85,0.78,-84.00,-59.50,-66.50,-36.75,-85.75,-117.25,-66.50,0.78,0.83,0.83,0.79,0.83,0.92,0.92,0.83,0.71,0.79,0.88,0.75,1.00,0.96,0.83,0.67,0.96,1.00,1.00
M,20.00,32.00,11.00,12.00,14.00,-0.03,0.71,0.67,0.48,0.95,0.90,1.75,1.20,-436,-483,-452,6.50,4.25,5.25,-1.38,-2.88,-3.13,-14.25,-12.50,-21.14,0.45,0.66,0.69,-87.50,-87.50,-45.50,-30.63,-44.63,-166.25,-155.75,0.78,0.72,0.83,0.96,0.88,0.92,1.00,0.75,0.63,0.42,0.38,0.83,0.96,0.92,0.83,0.50,0.96,0.92,1.00
M,24.00,33.00,12.00,16.00,11.00,0.31,0.94,0.70,0.89,3.90,1.65,3.60,3.05,-406,-530,-468,7.25,5.00,7.00,-1.25,-3.13,-1.88,-15.75,-8.75,-18.57,0.88,0.85,0.93,-59.50,-63.88,-49.88,-10.50,-34.13,-96.25,-106.75,0.94,1.00,1.00,0.96,1.00,1.00,0.92,0.96,0.75,0.92,0.92,0.96,1.00,1.00,1.00,0.75,1.00,1.00,1.00
M,28.00,27.00,10.00,6.00,13.00,0.21,0.52,0.60,0.74,2.10,-0.10,0.90,0.97,-585,-689,-601,2.86,5.25,7.00,-2.88,-5.50,-2.38,-20.50,-15.75,-27.00,0.71,0.81,0.86,-124.25,-75.25,-76.13,-13.13,-76.13,-182.00,-122.50,0.67,0.17,0.67,0.92,0.96,1.00,0.88,0.88,0.71,0.79,0.75,0.96,1.00,0.88,0.83,0.83,0.83,0.96,0.96
M,20.00,22.00,11.00,10.00,8.00,0.42,0.65,0.59,0.38,1.50,-0.80,2.00,0.90,-549,-600,-529,6.63,6.00,6.50,-2.75,-4.13,-4.50,-21.00,-14.75,-37.25,0.77,0.70,0.79,-112.88,-97.13,-65.63,-12.25,-49.00,-161.00,-70.00,0.83,0.78,0.83,0.92,0.96,0.92,0.92,0.79,0.58,0.71,0.67,0.92,0.96,0.83,0.75,0.79,0.67,0.88,1.00
M,27.00,28.00,11.00,12.00,15.00,0.09,0.56,0.62,0.90,2.60,1.30,3.20,2.37,-514,-873,-654,5.75,4.43,2.25,-0.75,-0.88,-4.00,-15.75,-5.00,-27.00,0.89,0.90,0.91,-84.88,-77.00,-42.00,-23.63,-37.63,-169.75,-143.50,0.72,0.72,0.61,0.96,1.00,0.88,0.96,0.96,0.63,0.83,0.88,0.88,0.92,0.88,0.92,0.75,1.00,0.92,1.00
M,19.00,33.00,12.00,11.00,13.00,0.59,0.80,0.62,0.77,1.40,-0.10,2.15,1.15,-500,-577,-468,8.75,11.75,12.63,-1.13,-6.38,-2.75,-17.25,-7.75,-37.00,0.83,0.78,0.90,-56.88,-53.38,-52.50,-23.63,-36.75,-131.25,-140.00,0.83,1.00,0.94,0.88,0.96,0.92,1.00,0.83,0.75,0.88,0.83,0.71,1.00,1.00,0.83,0.83,1.00,0.88,1.00
M,40.00,24.00,3.00,8.00,6.00,0.27,0.26,0.42,0.54,1.55,-0.05,0.65,0.72,-609,-592,-577,5.00,4.29,4.50,-1.13,-1.57,-1.63,-14.50,-7.00,-20.57,0.75,0.88,0.93,-110.25,-101.50,-62.13,-48.13,-31.50,-194.25,-110.25,0.67,0.44,0.44,0.96,0.96,1.00,0.83,0.88,0.75,0.83,0.83,1.00,0.75,0.92,0.92,0.08,0.92,0.63,1.00
M,20.00,20.00,9.00,8.00,7.00,0.09,0.08,0.44,0.61,-0.20,0.40,0.80,0.33,-421,-561,-468,2.88,4.38,3.63,-2.50,-7.38,-4.88,-16.75,-19.50,-28.00,0.56,0.79,0.85,-100.63,-55.13,-58.63,-79.63,-31.50,-183.75,-143.50,0.50,0.56,0.61,0.96,0.75,1.00,0.88,0.67,0.63,0.67,0.75,0.71,0.92,1.00,0.92,0.79,0.92,1.00,1.00
M,25.00,29.00,9.00,13.00,14.00,0.30,0.84,0.56,0.41,3.95,0.40,2.00,2.12,-590,-655,-650,4.25,2.25,2.14,-2.38,-6.38,-1.88,-14.75,-29.50,-28.57,0.89,0.81,0.86,-89.25,-115.50,-80.50,-15.75,-55.13,-173.25,-233.00,0.56,0.78,0.39,0.88,0.67,0.96,0.92,0.71,0.71,0.83,0.71,0.88,0.96,1.00,0.88,0.67,0.71,0.71,0.33
M,21.00,23.00,6.00,12.00,11.00,0.31,0.12,0.28,0.53,0.25,0.55,0.70,0.50,-520,-595,-529,6.25,5.13,4.13,-3.13,-4.38,-3.00,-12.00,-12.00,-30.00,0.79,0.64,0.89,-72.63,-86.63,-69.13,-23.63,-66.50,-126.00,-129.50,0.89,0.83,0.72,0.75,0.83,0.92,1.00,0.83,0.83,0.79,0.42,0.96,1.00,0.75,0.75,0.71,0.88,1.00,0.88
M,20.00,29.00,11.00,12.00,12.00,0.39,0.85,0.52,0.68,3.35,0.70,5.15,3.07,-410,-564,-495,8.75,10.00,8.00,-2.38,-5.25,-3.13,-15.25,-14.25,-23.25,0.84,0.89,0.89,-80.50,-42.00,-64.75,-13.13,-83.13,-117.25,-173.25,0.94,0.78,0.89,0.88,0.92,0.96,0.71,0.88,0.83,0.79,0.75,0.96,1.00,1.00,0.92,0.71,0.92,0.96,1.00
M,21.00,29.00,10.00,12.00,14.00,0.08,0.69,0.53,0.90,2.90,1.05,3.50,2.48,-498,-671,-529,7.00,7.13,4.88,-3.50,-4.25,-2.00,-18.25,-16.50,-43.14,0.79,0.85,0.79,-77.88,-109.38,-51.63,-53.38,-35.00,-197.75,-134.75,0.83,0.89,0.72,0.88,0.96,0.96,0.75,0.75,0.79,0.83,0.88,0.79,1.00,1.00,0.83,0.63,0.92,0.92,0.96
M,19.00,33.00,12.00,13.00,11.00,0.42,0.69,0.80,0.60,1.45,-1.45,1.70,0.57,-468,-561,-530,9.75,5.75,6.88,-1.75,-1.25,-2.75,-27.25,-10.25,-45.25,0.77,0.73,0.78,-65.63,-77.00,-63.00,-19.25,-32.38,-168.00,-159.25,0.67,0.94,0.83,0.88,1.00,1.00,0.63,0.79,0.50,0.92,0.67,0.96,1.00,0.96,0.79,0.67,0.92,0.83,0.75
M,22.00,31.00,9.00,8.00,13.00,0.31,0.31,0.41,0.32,1.05,0.30,1.10,0.82,-574,-579,-520,5.38,4.75,4.25,-2.50,-3.25,-1.38,-16.00,-17.00,-21.50,0.68,0.63,0.76,-52.50,-51.63,-68.25,-70.00,-53.38,-131.25,-112.00,0.67,0.78,0.83,0.92,0.96,1.00,0.96,0.67,0.58,0.88,0.83,0.67,0.92,1.00,0.88,0.75,0.88,1.00,0.92
M,27.00,35.00,12.00,14.00,14.00,0.54,0.95,0.53,0.76,4.90,1.95,4.35,3.73,-510,-570,-540,4.88,6.57,7.14,-2.13,-1.00,-2.75,-18.00,-9.00,-32.29,0.83,0.86,0.86,-74.38,-74.38,-48.13,-23.63,-48.13,-101.50,-129.00,0.72,0.94,0.94,0.88,1.00,0.92,0.88,0.96,0.67,0.96,0.71,0.83,1.00,1.00,0.96,0.58,1.00,0.88,1.00
M,19.00,37.00,15.00,13.00,17.00,0.38,0.75,0.67,0.94,3.45,2.30,5.10,3.62,-389,-592,-436,9.00,9.38,11.00,-2.50,-3.50,-2.38,-11.25,-11.25,-25.25,0.78,0.83,0.88,-71.75,-51.63,-26.25,-28.00,-34.13,-103.00,-131.25,0.94,0.78,0.94,0.96,1.00,0.92,0.96,0.92,0.63,0.83,0.92,0.92,1.00,1.00,0.92,0.63,1.00,1.00,1.00
M,19.00,34.00,13.00,16.00,13.00,0.63,0.57,0.66,0.73,0.25,0.90,0.75,0.63,-561,-577,-561,6.75,7.88,8.75,-3.14,-12.50,-5.35,-29.71,-44.25,-32.69,0.45,0.57,0.68,-133.00,-89.25,-90.13,-38.50,-31.50,-229.25,-137.00,0.89,0.83,0.94,0.79,0.54,0.46,0.88,0.58,0.42,0.54,0.58,0.63,0.79,0.96,0.79,0.50,0.58,0.88,1.00
M,25.00,30.00,13.00,14.00,16.00,0.60,0.75,0.77,0.74,3.80,3.00,2.15,2.98,-456,-499,-437,3.13,6.13,4.63,-2.50,-1.13,-2.75,-16.25,-16.25,-29.00,0.84,0.82,0.90,-110.25,-57.75,-32.38,-19.25,-42.88,-210.00,-165.00,0.56,0.78,0.83,1.00,0.96,0.92,0.83,0.96,0.63,0.88,0.83,0.92,1.00,1.00,0.67,0.58,0.92,1.00,1.00
M,18.00,25.00,14.00,16.00,13.00,0.41,0.94,0.52,0.74,3.60,1.80,3.85,3.08,-449,-529,-459,5.75,7.50,6.75,-1.75,-2.75,-1.25,-15.25,-10.00,-24.00,0.73,0.73,0.86,-84.00,-49.00,-39.38,-17.50,-49.88,-134.75,-134.75,0.89,0.56,0.83,0.96,1.00,1.00,0.96,0.92,0.88,0.54,0.79,0.88,0.96,0.92,0.88,0.63,0.88,1.00,1.00
M,21.00,25.00,6.00,9.00,6.00,0.15,0.43,0.30,0.60,-0.05,-0.20,0.50,0.08,-528,-690,-529,4.63,3.86,3.57,-2.25,-6.38,-2.50,-20.50,-11.50,-17.25,0.76,0.83,0.90,-162.75,-137.81,-80.50,-31.50,-91.00,-215.25,-199.50,0.89,0.56,0.67,0.83,1.00,1.00,0.92,0.67,0.83,0.83,0.88,0.88,1.00,0.50,0.88,0.63,0.88,0.42,0.08
M,26.00,31.00,9.00,12.00,14.00,0.04,0.77,0.56,0.70,5.80,1.70,2.55,3.35,-439,-494,-439,5.38,5.38,9.00,-2.00,-1.50,-2.88,-9.75,-18.00,-21.50,0.87,0.72,0.94,-87.50,-51.00,-64.75,-18.38,-40.25,-136.50,-92.75,0.94,0.67,0.94,0.96,1.00,1.00,0.83,0.79,0.79,0.79,0.79,0.96,1.00,1.00,0.88,0.75,0.92,0.96,1.00
M,23.00,33.00,12.00,14.00,15.00,0.29,0.69,0.77,0.73,3.70,3.35,4.75,3.93,-483,-538,-468,6.43,8.29,6.57,-1.50,-2.88,-2.00,-12.50,-8.25,-23.14,0.72,0.65,0.87,-89.00,-49.00,-83.13,-10.00,-24.50,-189.00,-145.25,0.78,0.78,0.94,0.96,1.00,0.96,0.92,0.92,0.75,0.71,0.25,0.75,1.00,0.96,0.88,0.79,0.92,1.00,0.96