subject;age;gender;edu;hand;lens;cap;speed;mem;DDEdl;DDFdl;RPm;TG;S1Mean;S2Mean;S3Mean;S4Mean;S1_logm;S2_logm;S3_logm;S4_logm;SI
251;23;2;Matura;2;no;0.66;1.03;0.98;19.2;8.325;64.4;0.214285714;12.50259092;12.176415;23.48997247;36.14793719;1.097000021;1.085519441;1.370882508;1.558083519;0.461083497
252;19;2;Bachelor;1;no;0.63;1.5;0.35;8.975;11.6;56.8;0.266666667;16.26851788;21.19521072;24.77203103;22.66516717;1.211347989;1.326237739;1.393961615;1.355358927;0.144010938
253;21;2;Matura;1;yes;-0.13;0.03;1.38;32.6;5.275;65.2;0.244444444;21.95298825;25.10449101;23.10297468;26.69938294;1.341493645;1.399751421;1.363667902;1.426501224;0.085007579
254;22;2;Bachelor;1;no;0.36;0.01;-0.74;20.4;16.8;68.4;0.2;16.35301395;18.85576467;23.78062471;26.61057049;1.213597807;1.275444149;1.376223259;1.425054185;0.211456378
255;25;2;Bachelor;1;no;0.3;0.97;0.69;32.2;11.225;38.4;0.333333333;21.96942323;21.03364411;31.81243925;39.22210837;1.341818655;1.322914521;1.50259697;1.593530935;0.25171228
256;22;2;Bachelor;1;yes;-0.09;0.99;0.61;9.225;6.725;47.2;0.297297297;21.41743584;21.43875807;31.24114999;31.38358276;1.330767475;1.331199623;1.494727012;1.496702521;0.165935047
257;22;2;Bachelor;1;yes;0.23;0.77;1;24.8;8.525;39.2;0.282051282;26.2855646;36.36742774;34.72200684;47.83307448;1.41971731;1.560712585;1.540604818;1.679728296;0.260010986
260;21;2;Bachelor;1;yes;-0.69;-0.98;-0.92;31;19;50.275;0.166666667;25.89155898;23.18764916;39.28427766;43.89709063;1.413158201;1.365256721;1.594218772;1.642435737;0.229277536
262;30;2;Berufslehre;1;yes;-1.17;-0.3;0.56;12.4;6.8;40;0.103448276;20.6612765;29.25395179;61.96324825;114.8333915;1.31515715;1.466184541;1.792134176;2.060068192;0.744911042
263;19;2;Matura;1;no;0.99;-0.49;0.11;17.6;9.15;51.2;0.371428571;24.14336748;31.4862715;37.44121024;41.3359882;1.382797845;1.498121236;1.573349878;1.616328325;0.23353048
264;20;2;Matura;1;no;-0.79;0.61;0.73;16.5;5.475;74.8;0.224489796;20.15057835;20.58166142;24.75636467;29.82607608;1.304287516;1.313480429;1.393686871;1.474596121;0.170308606
265;20;2;Bachelor;1;no;-0.86;-0.73;-0.72;14;11.4;49.2;0.36;23.74541011;23.17207545;30.68235331;39.73168222;1.375579675;1.364964934;1.486888666;1.599136953;0.223557278
266;19;2;Bachelor;1;no;0.28;-0.33;-1.06;19.325;7.775;50;0.5;21.75059848;20.4177409;30.23659299;37.33128482;1.337471211;1.310007688;1.480532854;1.572072937;0.234601726
268;21;2;Bachelor;1;no;0.81;0.72;0.15;11;6.3;32.8;0.28;16.84643711;17.54589388;22.57201628;24.55693478;1.226508065;1.244175498;1.353570355;1.390174157;0.163666092
269;24;1;Matura;2;no;0.64;0.39;0.38;6.85;8.6;34.4;0.263157895;11.46130469;13.81781897;20.22278598;27.49509039;1.059234058;1.140439499;1.305840986;1.439255152;0.380021094
270;20;1;Bachelor;1;yes;0.39;-0.57;-0.42;19.6;7.7;35.2;0.393939394;17.58230996;19.02582892;20.64978429;27.85294771;1.245075932;1.279343587;1.314915519;1.444871164;0.199795232
271;24;1;Bachelor;1;yes;-0.73;-0.46;-0.97;17.775;14.8;39.6;0.351351351;17.90879594;25.0615827;30.59051023;42.4123865;1.253066388;1.399008494;1.485586721;1.62749271;0.374426322
272;22;1;Anderes;1;no;-0.5;-0.54;0.33;22.4;10.7;64.4;0.272727273;11.40535403;11.97954813;28.07047378;40.23750717;1.05710877;1.078440437;1.448249743;1.604631067;0.547522297
273;21;2;Berufsmatura;1;no;-0.62;-0.54;0.02;29.8;8.825;40;0.36;19.36916588;20.74288107;23.79550052;29.19286335;1.287110918;1.316869077;1.376494844;1.465276694;0.178165776
274;23;2;Berufslehre;1;no;-0.49;0.49;-0.22;21;11.1;109;0.3125;14.73092026;18.31119823;22.77424372;22.64217649;1.168229878;1.262716764;1.357443964;1.354918171;0.186688293
275;20;1;Matura;1;yes;-1.25;-0.14;-0.01;19.3;16;102.6;0.111111111;9.223168576;7.872190531;8.200417434;9.18289451;0.964880147;0.896095597;0.91383596;0.962979595;-0.001900551
277;23;1;Berufslehre;1;no;-0.91;-0.84;-0.61;26.6;9.925;126.3;0.217391304;22.13447582;22.49022165;52.56074072;58.89361899;1.345069242;1.351993736;1.720661477;1.770068242;0.424999001
278;21;2;Berufslehre;1;no;-1.12;-0.41;-0.28;20.6;6.1;88.8;0.179487179;22.16044898;23.1937005;26.54897965;33.73653598;1.345578555;1.365370045;1.424047835;1.528100488;0.182521933
279;19;1;Matura;1;yes;1.24;0.62;1.64;24.8;21.9;67.2;0.222222222;15.49819074;24.65086278;22.49661085;28.37169549;1.190281002;1.391832124;1.352117096;1.45288529;0.262604288
280;20;2;Bachelor;2;no;-1.06;-0.51;-0.75;17.2;11.4;55.6;0.208333333;19.90540648;26.50818984;55.67738409;62.58444698;1.298971051;1.423380072;1.745678822;1.796466419;0.497495369
282;22;2;Berufslehre;1;no;-1.04;-0.99;-0.52;13;12.2;58.8;0.032258065;19.76875852;25.45594634;42.62849958;48.86364095;1.295979396;1.405789247;1.629700047;1.688985824;0.393006428
283;22;2;Berufsmatura;1;yes;-0.38;0.82;0.05;8.25;7.75;115.3;1;21.01552058;31.84926597;83.18291635;84.47161006;1.322540152;1.503099428;1.920034142;1.926710772;0.60417062
284;24;2;Bachelor;1;yes;0.54;0.67;-0.25;35.8;13.8;42.4;0.157894737;27.16115261;33.83734785;35.81279484;77.56280043;1.433948196;1.529396316;1.554038215;1.889653481;0.455705285
285;21;1;Anderes;1;no;0.15;0.35;-0.57;12;7.325;41.2;0.217391304;27.98302933;24.63286301;40.87034203;45.9941984;1.446894728;1.391514892;1.611408272;1.662703054;0.215808327
286;22;2;Anderes;1;no;-1.45;-0.33;-0.77;28.3;7.125;64.4;0.25;21.31873531;25.61870423;40.01044082;57.58283226;1.328761437;1.40855716;1.602173336;1.760293022;0.431531585
288;18;1;Matura;2;no;1.04;0.93;-0.72;14.9;5.1;40.8;0.333333333;18.69618458;15.39708159;11.70629852;28.39153746;1.271752987;1.187438411;1.068419595;1.453188911;0.181435924
289;20;1;Berufsmatura;1;no;0.89;-0.6;0.09;16.8;7.35;62.8;0.371428571;8.7277766;9.013924667;19.13719537;25.35266947;0.940903621;0.954913924;1.28187829;1.404023694;0.463120073
291;21;2;Berufsmatura;1;no;0.49;0.02;-0.11;30.1;8.45;42;0.44;27.88312262;33.17618703;32.1851117;37.24646408;1.445341409;1.520826471;1.507655021;1.57108505;0.125743641
292;22;2;Berufslehre;1;yes;-0.78;-1.18;0.69;17.6;7.925;105.3;0.4;12.75280414;13.59615604;15.29114252;19.09967488;1.10560569;1.13341614;1.184439936;1.281025975;0.175420285
293;19;2;Berufslehre;1;no;-0.61;-0.44;-0.12;18.5;9.3;51.6;0.272727273;17.66956606;21.66367724;29.41616624;40.52729036;1.247225884;1.335732177;1.468586071;1.607747568;0.360521684
295;19;2;Berufslehre;1;no;-0.69;-1.19;-0.85;24.2;9.9;96.7;0.257142857;17.62647512;32.36411192;45.51355792;45.05337645;1.246165472;1.510063694;1.658140787;1.653727344;0.407561872
296;19;2;Anderes;1;yes;-0.44;-0.96;-0.45;14.975;8.2;66.8;0.2;23.4522008;48.80116042;64.41614511;55.57695864;1.370183604;1.688430149;1.808994732;1.744894777;0.374711173
297;26;1;Bachelor;1;yes;0.78;0.34;0.61;7.3;7.5;42.8;0.545454545;14.38040161;15.21731841;20.04617968;22.05325895;1.157771015;1.182338128;1.302031619;1.343472777;0.185701762
298;26;1;Anderes;1;yes;0.25;0.34;0.03;11.8;4.65;44;0.393939394;22.66411638;20.89577725;30.73815684;31.01882315;1.355338792;1.32005853;1.487677822;1.491625317;0.136286525
299;24;2;Matura;1;yes;0.22;-1.15;0.22;23.8;6.525;105.775;0.224489796;23.44835253;27.90526796;35.96777045;51.89247932;1.370112335;1.445686197;1.555913518;1.715104421;0.344992086
301;19;2;Bachelor;2;no;0.63;0.71;-0.39;19.2;7.525;53.2;0.481481481;12.84796754;13.28174494;18.89884798;22.27156023;1.108834431;1.123255136;1.276435332;1.347750643;0.238916212
302;20;2;Anderes;1;no;-0.16;0.41;-0.97;15.4;4.625;53.6;0.333333333;15.33018982;15.68302967;19.6288019;21.48257351;1.185547532;1.195429964;1.292893792;1.332086306;0.146538774
303;23;1;Anderes;1;no;-0.48;-2.3;-0.67;11.6;7.4;29.6;0.276595745;24.49745888;32.35404548;30.32883457;48.68232729;1.389121037;1.509928592;1.481855722;1.687371332;0.298250295
304;20;1;Matura;1;no;0.61;-1.03;-0.16;5.925;7.875;50;0.333333333;7.074952028;7.381126767;6.492414793;8.359450512;0.849723499;0.868122664;0.812406259;0.922177731;0.072454232
305;20;2;Matura;1;no;0.12;0.29;-0.41;45.45;8.65;68;0.3;14.25016557;24.11670638;45.20062477;47.58131467;1.15381991;1.382317996;1.655144438;1.677436437;0.523616527
306;20;2;Matura;1;no;-0.09;-1.03;-0.1;25.6;10.4;77.2;0.282051282;18.16891629;18.89853626;24.74322543;34.2151755;1.259329024;1.276428168;1.393456312;1.534218772;0.274889748
307;18;2;Berufslehre;1;no;-1.1;-0.54;-0.61;12.025;11;42.4;0.302325581;13.92019156;10.80567505;21.3388924;21.2494204;1.143645212;1.033651903;1.329171874;1.327347089;0.183701877
309;24;1;Anderes;1;no;0.11;1.21;0.47;11.5;5.475;50.8;0.317073171;10.61595692;17.80162881;31.00877113;32.52086336;1.025959147;1.250459741;1.491484556;1.512162067;0.486202919
310;18;1;Matura;1;no;1.01;0.17;0.52;21.2;7.525;65.2;0.419354839;19.22864113;17.56148654;24.76013958;18.56345913;1.283948594;1.244561275;1.393753089;1.268658906;-0.015289688
311;18;1;Matura;1;no;0.66;0.21;0.63;10.5;4.375;50.4;0.4375;15.25267594;16.84691826;19.84631485;23.32904468;1.183346043;1.226520469;1.297679877;1.367896955;0.184550912
312;23;1;Matura;1;yes;1.44;0.26;0.53;12.9;6.15;40;0.368421053;20.84283304;22.35424892;30.82044173;30.44091279;1.31895675;1.349360083;1.488838859;1.483457671;0.164500921
313;21;2;Berufslehre;1;no;-0.56;0.85;-0.85;8.825;8.1;84.8;0.36;25.07169724;33.48268953;35.05262757;53.36652405;1.399183735;1.524820336;1.544720579;1.727268917;0.328085182
314;30;2;Master;1;yes;0.33;-0.25;-0.99;16.6;7.075;22;0.4;13.19546515;14.35125835;17.23516451;21.14770229;1.120424704;1.156889983;1.236415433;1.325263188;0.204838484
315;20;2;Matura;2;no;0.38;-0.4;0.94;17.8;16;52.8;0.393939394;25.78044977;34.64762924;43.7754785;54.90945132;1.41129049;1.539673523;1.641230902;1.739647104;0.328356614
316;20;2;Berufsmatura;1;no;-0.11;0.45;-0.46;22;14.4;94.775;0.3125;27.38618598;30.37889397;38.31446355;54.28154498;1.437531553;1.482571958;1.583362749;1.7346522;0.297120647
318;18;1;Matura;2;yes;1.7;1.15;1.03;5.775;4.35;30;0.565217391;9.878424858;10.79679379;15.42941737;18.68883174;0.994687701;1.033294807;1.188349527;1.271582154;0.276894453
319;20;2;Berufslehre;1;no;-0.71;-0.86;-0.68;14.8;10.325;41.2;0.25;31.8894096;36.81702478;45.93265236;39.66269406;1.503646479;1.56604869;1.662121524;1.59838221;0.094735731
321;20;1;Berufslehre;1;no;0.08;-0.43;-0.31;13.3;7.075;34;0.444444444;18.34141828;14.98160084;10.20604211;20.1511735;1.263432915;1.175558222;1.008857356;1.304300342;0.040867427
322;23;1;Berufslehre;1;no;-0.64;-1.06;-0.37;24;8.625;47.6;0.407407407;7.595321754;6.85054014;14.49673936;22.68619991;0.880546176;0.835724815;1.161270331;1.355761755;0.475215578
323;20;1;Berufsmatura;1;no;-0.18;0.76;0.82;9.975;8.3;46.8;0.117647059;14.12369826;17.87968408;29.66032212;31.48572889;1.149948431;1.252359841;1.472175863;1.498113752;0.348165321
324;24;2;Bachelor;1;no;0.06;0.53;-0.86;10.975;8.65;35.6;0.619047619;18.75686482;21.64422849;26.87015852;37.05076644;1.273160248;1.33534211;1.429270229;1.568797196;0.295636948
328;18;1;Berufslehre;1;no;-1.1;-0.25;-0.12;11.625;5.65;35.6;0.297297297;11.84166016;53.45779131;111.1137364;96.56419949;1.073412593;1.728011011;2.045767752;1.984816145;0.911403551
329;18;1;Berufsmatura;1;no;-0.48;-0.04;-0.87;30.2;8;85.6;0.166666667;23.02517718;23.23892502;29.86245302;27.23569583;1.362202981;1.366216035;1.47512548;1.435138475;0.072935495
330;20;2;Bachelor;1;yes;0.72;0.13;0.11;15.8;7.675;34;0.411764706;30.68914624;39.59572819;44.39608139;60.94915111;1.486984807;1.597648334;1.647344639;1.784967661;0.297982855
331;24;1;Berufslehre;1;yes;-0.57;0.26;0.1;31.6;18.6;60.4;0.236363636;11.49288951;19.90985009;24.60028199;39.5798058;1.060429232;1.29906799;1.390940085;1.597473659;0.537044427
333;23;1;Berufsmatura;1;no;-0.69;0.76;0.51;8.6;3.75;56.4;0.351351351;16.81695532;18.98512135;26.94200133;25.95042743;1.22574737;1.278413377;1.430429853;1.414144516;0.188397145
334;19;2;Bachelor;1;no;-0.25;0.32;-0.17;10.425;5.9;42.8;0.375;18.00359186;23.93919803;27.74645844;32.72775324;1.255359159;1.379109597;1.443207558;1.514916192;0.259557033
336;23;2;Anderes;1;yes;0.49;0.76;0.91;12.6;8.4;54.4;0.304347826;14.17410824;17.04705396;20.2869612;26.73641136;1.151495745;1.231649336;1.307216999;1.427103115;0.27560737
337;27;1;Anderes;1;no;-0.47;-0.16;0.6;18.8;10.05;71.6;0.244444444;26.57189605;29.04979306;50.5456797;53.19119838;1.424422545;1.463143043;1.703684041;1.725839775;0.30141723
338;22;2;Berufslehre;1;no;-0.46;-0.65;-0.39;11.8;9.125;100.8;0.268292683;20.20328091;27.05351034;37.6926439;52.10276211;1.305421902;1.432223625;1.576256602;1.716860747;0.411438845
339;27;2;Berufslehre;1;yes;-1.2;-0.47;0.01;12.2;10.8;66.8;0.333333333;20.77075459;41.94259056;67.28013207;74.13269675;1.317452274;1.622655251;1.827886835;1.870009799;0.552557525
340;20;2;Berufslehre;1;yes;0.35;0.67;1.11;12;13;43.2;0.533333333;21.8990319;23.89320798;33.6825986;46.37063287;1.340424916;1.378274463;1.52740559;1.666243023;0.325818107
342;18;1;Matura;1;no;1.5;0.43;0.42;13.4;7.025;39.6;0.583333333;12.98649601;11.72350397;16.03629124;20.25752882;1.113491987;1.069057435;1.205103935;1.306586465;0.193094479
343;18;2;Berufslehre;1;no;0.01;-0.63;-0.91;17.4;11.1;113.4;0.230769231;15.17050121;16.20454263;26.31125184;29.1810413;1.180999929;1.209636778;1.420141511;1.465100785;0.284100856
344;19;2;Berufslehre;1;no;0.55;0.8;1.18;15.6;4.55;48.8;0.285714286;14.89065451;22.20519565;24.10080631;56.40464148;1.172913787;1.346454604;1.382031572;1.751314843;0.578401056
346;28;1;Berufslehre;1;no;-1.41;-1.44;-0.9;14.4;10.45;27.2;0.317073171;16.6746465;20.63837006;49.63226786;110.2181197;1.222056636;1.314675395;1.69576412;2.042252998;0.820196362
347;21;2;Berufslehre;1;yes;-0.55;-0.87;-0.35;51;6.95;94.3;0.384615385;27.79605171;33.34225014;36.34214843;42.37274093;1.443983111;1.522994905;1.560410598;1.627086558;0.183103447
349;22;2;Berufsmatura;1;no;0.3;0.76;-0.15;23.6;3.7;35.2;0.466666667;16.22140988;16.11184433;22.72147309;24.98026592;1.210088598;1.207145257;1.356436484;1.397597057;0.187508459
350;22;2;Berufsmatura;1;no;-0.11;-0.6;0.29;10.275;7.8;50.8;0.393939394;28.42243996;35.94548535;43.51493228;60.25728186;1.453661358;1.555644352;1.638638312;1.780009537;0.32634818
351;18;1;Matura;2;no;0.64;0.21;0.82;23.8;6.15;57.2;0.428571429;27.07613422;17.68308527;34.01730953;28.91342098;1.432586658;1.247558041;1.531699962;1.46109948;0.028512821
352;20;2;Berufslehre;1;yes;-0.93;-1.06;0.2;27;11.725;66.8;0.272727273;18.33168249;23.98590044;27.73598162;35.08844345;1.263202327;1.379956027;1.443043541;1.545164103;0.281961776
353;18;1;Berufslehre;1;no;-0.94;-0.12;0.11;19.2;8.025;73.2;0.32;12.88633585;16.20082094;15.36511849;31.54207703;1.110129446;1.209537022;1.186535914;1.498890288;0.388760842
354;20;1;oblig_Schule;2;no;-0.01;0.14;-0.46;38.2;9.425;53.6;0.302325581;10.68123031;16.12215934;21.07979765;29.58320489;1.028621279;1.207423209;1.323866438;1.471045221;0.442423942
356;22;2;Berufslehre;1;no;-1;-0.15;-0.32;25.8;17.2;74.8;0.238095238;20.01896632;25.18527743;32.38041318;45.99153407;1.301441649;1.401146739;1.510282386;1.662677896;0.361236247
357;19;2;Matura;1;no;-0.27;0.41;-0.31;18.825;7.5;63.2;0.583333333;22.21848196;25.63321371;29.18765051;27.49257872;1.346714383;1.408803058;1.465199137;1.439215477;0.092501094
358;24;2;Berufslehre;1;yes;-0.92;0.27;0.33;31.6;15.2;109.3;0.288888889;25.35608135;40.12540613;49.32138525;49.7037611;1.404082136;1.603419441;1.693035266;1.696389253;0.292307117
359;25;2;Berufslehre;1;no;-0.5;0.07;-0.05;14.2;6.2;33.6;0.419354839;21.26670108;25.72779071;32.96027334;45.71599626;1.327700127;1.410402494;1.517990805;1.660068188;0.332368062
360;18;2;Berufslehre;1;no;-0.8;-0.64;0.32;11.625;7.75;38;0.333333333;17.95534348;24.70395114;33.42457135;41.67787288;1.254193718;1.39276642;1.524065846;1.619905546;0.365711828
361;21;1;Bachelor;2;no;0.4;1.34;0.11;8.925;6.575;45.2;0.523809524;9.959281586;10.68900741;17.18554025;22.11018898;0.998228012;1.028937378;1.235163189;1.344592455;0.346364443
362;18;2;Matura;1;no;0.9;0.7;0.77;11.8;13.8;28.8;0.352941176;21.97331658;19.91481512;33.81253878;27.76278893;1.341895613;1.299176279;1.529077781;1.443463091;0.101567478
363;18;2;oblig_Schule;1;yes;-0.33;-0.42;-0.42;12.6;6.2;60.4;0.235294118;17.02114089;23.85586878;24.14065489;29.35000408;1.230988667;1.377595237;1.382749048;1.467608166;0.236619499
364;20;1;Berufslehre;1;yes;0.41;-0.32;-0.05;28.15;13.2;44.4;0.35483871;13.94594634;19.8266678;29.50296361;30.53456656;1.14444799;1.29724973;1.469865644;1.484791759;0.34034377
365;19;1;Berufsmatura;1;no;1.2;0.4;0.4;12;7.375;74;0.407407407;14.12526281;17.62444027;18.66945774;22.93614666;1.149996537;1.246115333;1.271131704;1.360520457;0.21052392
368;21;2;Bachelor;1;no;0.41;0.66;-0.22;16.625;8;50;0.315789474;18.19805656;23.08599575;30.90273514;37.67754383;1.26002501;1.363348611;1.48999692;1.576082584;0.316057573
369;26;2;Master;1;no;0.08;-0.59;0.68;21;5.425;88.4;0.288888889;22.22674971;25.62524379;26.96745943;47.9631623;1.346875959;1.408668006;1.430840034;1.680907809;0.33403185
370;18;2;Bachelor;1;no;-0.57;-0.46;0.85;16.4;4.75;54.8;0.24137931;16.63341901;19.37691033;28.59255442;25.29402658;1.220981528;1.28728453;1.456252956;1.403017971;0.182036443
371;27;1;Berufslehre;1;yes;-1.08;-0.69;-0.61;17.8;7.6;64.8;0.217391304;8.632192693;8.343520772;8.398040614;8.780374993;0.936121126;0.921349351;0.924177971;0.943513064;0.007391938
372;18;2;oblig_Schule;1;yes;-1.4;0;-0.9;12.7;8.425;37.2;0.393939394;11.88785018;21.67416973;22.0978302;21.4980362;1.075103323;1.33594247;1.344349632;1.33239879;0.257295467
373;19;2;Berufslehre;1;yes;-0.37;-0.1;0.2;12.7;6.4;38.8;0.333333333;14.03075581;12.12058099;22.41959255;30.65610987;1.147081066;1.083523438;1.350627716;1.486517044;0.339435978
375;20;1;Berufslehre;1;yes;-0.46;-0.13;-0.35;47.675;15.825;78.8;0.209302326;14.76725149;13.62610078;17.84871485;21.49837287;1.169299671;1.134371597;1.251606951;1.332405591;0.16310592
377;30;2;Anderes;1;yes;1.07;0.13;-0.14;17.2;7.525;40.8;0.371428571;21.68388288;25.79929548;28.12090465;33.15131269;1.336137053;1.411607847;1.449029288;1.52050073;0.184363677
378;18;2;Matura;1;yes;0.5;-0.59;-0.91;22.8;9.25;36;0.208333333;11.35355332;10.90703067;14.09978059;25.88207891;1.055131804;1.037706534;1.149212355;1.412999157;0.357867353
379;19;1;Matura;1;no;0.41;-0.21;-0.3;24;8.85;55.2;0.25;11.12682089;13.05666002;19.58189529;25.59074792;1.046371097;1.115832096;1.291854724;1.408082979;0.361711882
380;18;1;oblig_Schule;1;no;0.55;-0.62;0.19;10.4;8.225;32.8;0.52;14.63943696;13.94255887;21.61535887;26.52045196;1.165524374;1.144342487;1.33476245;1.423580921;0.258056547
381;20;2;Berufslehre;1;no;-1.13;-0.3;-1.49;23.4;9.875;59.2;0.333333333;21.22322471;27.70844223;50.84713721;76.88900532;1.326811372;1.44261211;1.706266506;1.885864243;0.55905287
382;19;2;Berufslehre;1;no;0.62;0.1;-0.23;21;8.3;45.6;0.282051282;14.56259712;17.8122006;24.15657793;24.57677128;1.163238835;1.250717578;1.383035411;1.390524828;0.227285993
384;24;2;Berufslehre;1;yes;-0.75;0.04;-1.02;24.5;8.1;99.9;0.351351351;22.32932892;34.28222087;49.38567668;66.91963062;1.348875671;1.535068949;1.693601009;1.825553535;0.476677864
385;23;2;Bachelor;1;yes;0.43;0.27;0.68;12.6;12.1;50.4;0.257142857;12.44616907;13.68535414;22.07649514;22.82917039;1.095035696;1.13625604;1.343930126;1.35849013;0.263454433
387;22;1;Berufslehre;1;no;-0.54;0.62;-0.23;17.6;11.8;63.6;0.176470588;18.27759809;16.97636118;79.08365353;183.6919062;1.261919123;1.229844606;1.898086725;2.264090021;1.002170898
388;19;2;Matura;1;no;-0.35;-0.75;0.32;12;5.15;49.2;0.419354839;18.07705596;20.5847457;29.28694708;34.4634085;1.257127702;1.313545506;1.466674102;1.537358228;0.280230525
389;20;2;Matura;1;no;0.88;0.8;0.71;24.4;10.55;54.8;0.235294118;30.0849609;45.91828554;44.86539795;100.1923945;1.478349451;1.661985664;1.651911524;2.000834756;0.522485305
390;19;2;oblig_Schule;1;no;-0.56;-0.47;-0.77;17.1;10.8;38.8;0.297297297;17.53467134;25.2222173;28.47144266;35.50842164;1.24389763;1.401783263;1.454409474;1.550331368;0.306433738
391;18;1;Matura;2;no;0.72;0.23;0.37;13.2;5.95;47.6;0.419354839;11.77490098;10.00986848;15.49320032;18.72791273;1.070957264;1.000428371;1.190141136;1.272489377;0.201532113
392;20;2;oblig_Schule;1;no;-0.22;0.48;-0.47;11.8;6.15;46;0.411764706;15.45901515;21.20851246;24.84993016;28.53723427;1.189181823;1.326510209;1.395325172;1.45541188;0.266230058
394;19;1;Matura;2;yes;-0.78;-0.8;-0.89;48.3;13.8;80.375;0.276595745;22.69567752;25.81471509;23.96432891;26.3069446;1.355943152;1.411867336;1.379565272;1.42007041;0.064127258
396;18;2;Matura;1;no;-0.44;-0.57;-0.64;28;7.525;66;0.310344828;29.90918757;36.77473415;36.12704726;39.1227141;1.475804616;1.565549542;1.557832467;1.592428976;0.11662436
397;19;1;oblig_Schule;2;yes;-0.38;-0.99;0.45;26.4;6.225;94.4;0.619047619;10.8620584;17.05006432;25.15753387;34.21969016;1.035912133;1.231726022;1.400668066;1.534276073;0.49836394
398;18;2;Berufsmatura;1;no;-0.07;-0.57;-0.84;12.2;8.75;49.6;0.238095238;29.42784462;34.14085288;56.52519814;53.83021568;1.468758454;1.533274366;1.752242093;1.73102612;0.262267666
399;25;1;Berufslehre;1;no;0.88;0.49;0.45;16.2;7.1;67.2;0.411764706;16.6463788;18.89262473;22.05107003;28.82196992;1.221319773;1.276292298;1.343429668;1.459723661;0.238403888
400;23;2;Berufslehre;1;yes;-0.78;-0.92;-0.29;26.6;8.025;93.3;0.268292683;12.74339983;20.54858419;47.60737862;64.18903435;1.105285309;1.312781904;1.677674269;1.807460842;0.702175533
402;21;2;Matura;1;no;0.06;0.26;0.08;12.325;6.4;48.4;0.333333333;21.13170931;25.21913405;35.19297289;45.33832711;1.324934628;1.40173017;1.546455955;1.656465491;0.331530864
406;19;1;Matura;1;no;1.31;0.28;0.35;10.6;6.725;47.6;0.416666667;12.87025964;18.92743164;26.0803861;34.79323673;1.109587308;1.277091686;1.416314016;1.541494832;0.431907524
407;19;1;Berufslehre;1;yes;-1.42;-0.44;-1.08;15.8;13.2;106.6;0.210526316;27.09800075;26.56872131;45.06713138;65.80399188;1.43293725;1.424370653;1.653859915;1.81825224;0.38531499
408;20;1;Berufslehre;2;no;-1.35;-1.28;-1.42;40;18.4;45.6;0.2;24.40990717;36.13019115;24.59602386;42.54818545;1.387566128;1.557870259;1.390864906;1.628881043;0.241314916
410;22;2;Anderes;1;no;-1.09;-0.55;-0.92;17.8;7.775;48;0.161290323;21.8520566;27.20868485;30.49296978;32.67821457;1.339492317;1.43470755;1.484199723;1.51425832;0.174766003
412;24;1;Berufslehre;1;no;0.65;0.95;0.73;5.875;6.15;48;0.636363636;9.894355196;8.317322096;8.303950068;12.57184149;0.995387497;0.91998352;0.919284729;1.099398897;0.1040114
413;25;1;Bachelor;2;yes;0.4;-0.05;-0.53;12.4;7.525;62;0.380952381;14.52995413;16.66645914;30.48996906;38.46592134;1.162264243;1.221843342;1.484156984;1.585076139;0.422811896
414;21;2;Bachelor;1;no;0.79;0.79;-0.23;14;8.7;35.6;0.28;29.38571524;35.46988794;43.79291874;57.88414862;1.468136266;1.549859816;1.641403891;1.76255965;0.294423384
416;21;2;Bachelor;1;yes;1.31;0.53;-0.01;26.4;6.3;83.6;0.302325581;10.8124479;10.85207496;11.44887585;12.73213131;1.033924028;1.035512785;1.058762846;1.104901109;0.070977081
417;18;1;Matura;1;no;0.31;-0.34;0.72;9.025;4.5;37.2;0.555555556;8.936335107;9.087855261;10.27284146;21.0854783;0.951159446;0.958461402;1.011690586;1.323983457;0.372824011
418;23;2;Berufslehre;1;no;-0.38;-0.07;-0.77;17;8.275;32.8;0.219512195;26.15897512;33.95544283;39.50763884;44.93565275;1.417620725;1.530909399;1.596681075;1.652591055;0.23497033
419;22;2;Berufslehre;1;yes;-0.34;0.35;-0.54;17.2;12.275;57.6;0.302325581;15.80761756;19.39658426;18.53176097;36.18640961;1.19886642;1.287725257;1.26791669;1.558545495;0.359679075
421;21;2;Matura;1;no;0.89;0.07;0.74;9.4;5.95;36.4;0.4;22.17965803;29.18482949;31.78440035;41.59513515;1.345954846;1.46515716;1.502214022;1.61904254;0.273087694
422;29;1;Bachelor;1;no;1.01;0.61;0.21;18.6;7.65;50.4;0.444444444;21.51072557;22.48127865;27.90751013;27.96376007;1.33265506;1.351821009;1.445721091;1.446595567;0.113940508
425;23;1;Bachelor;1;yes;0.16;0.41;-0.09;12.8;7.7;64.8;0.4;16.88215119;19.16606666;27.12441901;32.15668824;1.227427785;1.282532994;1.433360445;1.507271315;0.27984353
426;21;1;Bachelor;1;no;-0.2;-0.72;0.23;16.5;6.8;42.175;0.314285714;20.96105022;15.20045888;21.5410752;25.47548191;1.321413038;1.181856699;1.333267377;1.406122408;0.08470937
427;22;1;Bachelor;1;yes;0.02;0.36;-0.27;9;5.75;49.2;0.473684211;20.06741464;23.29095195;30.07221345;37.98367232;1.302491424;1.367187239;1.478165395;1.579596951;0.277105526
428;20;2;Bachelor;1;yes;0.93;0.95;0.51;19;8.9;43.6;0.35;11.83712478;14.16062096;21.85150465;42.71055275;1.073246226;1.151082298;1.339481347;1.630535192;0.557288966
429;20;1;Bachelor;1;no;0.95;0.42;1.48;10;5.6;38.4;0.5;10.23323225;9.408768709;11.08500867;10.11593314;1.010012831;0.973532793;1.044736037;1.00500595;-0.00500688
430;23;1;Bachelor;1;yes;-0.22;-0.61;-0.78;29;9.925;79.2;0.302325581;13.85699805;21.7438433;18.69132361;32.92719553;1.141669156;1.33733631;1.271640057;1.517554743;0.375885587
431;29;1;Matura;1;yes;0.31;-0.46;-0.42;13;9.35;44.4;0.3;24.71984946;20.07192498;23.1712428;27.27261578;1.393045822;1.302589025;1.364949328;1.435726794;0.042680973
432;20;1;Berufslehre;1;no;0.33;-1.03;-1.23;25;8.925;29.6;0.6;9.415663321;12.54072422;12.62465359;14.69413063;0.973850921;1.098322618;1.10121947;1.167143896;0.193292975
434;22;2;Bachelor;1;no;-0.44;-0.25;-1.18;14.3;5.675;42.4;0.363636364;26.63280985;33.00676797;40.15475138;47.30175281;1.425416988;1.518603;1.603736941;1.674877234;0.249460246
435;28;2;Bachelor;1;no;0.36;0.42;1.08;27.6;11.8;60.4;0.4;21.80272433;18.56401613;30.80636045;81.06257988;1.338510764;1.268671937;1.488640393;1.908820421;0.570309658
436;20;1;Bachelor;1;yes;-0.11;-0.94;-0.67;23.05;18.4;85.2;0.268292683;20.21213772;25.14304935;23.58091872;49.92614936;1.305612249;1.400417948;1.372560721;1.698328072;0.392715823
437;21;2;Bachelor;1;yes;0.41;-0.75;-0.06;11.775;7.525;62;0.333333333;18.84320998;23.13136576;29.01164129;35.88454781;1.275154888;1.364201276;1.462572299;1.554907478;0.27975259
438;21;1;Bachelor;1;no;0.85;-0.87;-0.7;12.1;23;32.4;0.294117647;11.15884478;11.45931963;17.34645642;24.5881954;1.047619236;1.059158833;1.239210769;1.390726656;0.343107419
439;26;1;Matura;1;no;0.29;0.1;-0.9;20.8;7.275;39.6;0.24137931;9.555498245;10.21810632;20.77433332;25.97241434;0.980253337;1.009370417;1.317527095;1.414512323;0.434258986
440;25;2;Bachelor;1;yes;0.62;0.89;0.19;26.8;7.425;56.4;0.306122449;28.68138781;32.73525735;58.81188064;54.3601351;1.457600162;1.51501576;1.769465067;1.735280527;0.277680366
441;24;1;Berufsmatura;1;yes;0.55;0.12;0.2;13.8;8.95;61.2;0.291666667;20.31460797;17.74980653;38.95416413;33.60110541;1.307808446;1.249193624;1.59055389;1.526353565;0.218545119
442;21;1;Matura;1;no;-0.03;1.22;-0.48;16.2;12.9;100.4;0.351351351;15.89895256;16.29916627;22.24045382;29.96382321;1.201368513;1.21216539;1.347143645;1.476597226;0.275228713
443;23;1;Bachelor;1;no;0.36;-0.74;0.66;14.6;9;53.2;0.44;27.82347503;30.58528589;23.96515305;44.12661301;1.44441137;1.485512544;1.379580207;1.644700594;0.200289224
444;21;1;Bachelor;1;no;-0.34;-0.09;-0.35;16;7.75;21.2;0.416666667;9.434225566;12.74499903;21.4538387;28.80537964;0.974706256;1.105339807;1.331505011;1.459473603;0.484767348
445;22;2;Matura;2;no;-0.24;0.36;-0.52;21.6;7.275;53.2;0.448275862;30.19735635;34.56840596;34.9825948;49.62255473;1.479968924;1.538679354;1.54385202;1.695679119;0.215710195
447;26;1;Bachelor;2;no;0.96;0.49;0.58;15.8;10.05;39.2;0.411764706;22.2692332;24.85956262;26.77276479;30.22338662;1.347705263;1.395493483;1.427693223;1.480343127;0.132637864
448;24;2;Bachelor;1;yes;-0.21;-1.05;0.1;19.6;6.425;39.6;0.333333333;22.45468965;25.96946948;30.68299732;29.78991091;1.351307057;1.414463078;1.486897782;1.474069204;0.122762147
450;21;1;Bachelor;1;no;-0.66;-0.64;-0.8;31.025;8.95;82.4;0.314285714;11.20035884;15.7633648;14.87558258;23.41478223;1.049231937;1.197648926;1.172473983;1.369490123;0.320258186
451;21;1;Bachelor;2;no;0.83;0.09;0.61;6;4.1;37.6;0.6;13.57622981;13.44990229;14.61844046;21.0330645;1.132779181;1.128719129;1.164901043;1.322902554;0.190123373
454;20;2;Bachelor;1;no;-1.01;-0.47;-0.24;34.6;21.4;87.6;0.055555556;22.24657841;33.20531979;43.72356694;49.14993359;1.347263225;1.521207667;1.640715584;1.691522935;0.344259711
455;21;2;Matura;1;yes;0.14;0.38;-0.27;10.5;11.5;55.6;0.333333333;15.37366887;10.13754512;24.03245745;28.1193124;1.186777523;1.0059328;1.380798182;1.449004697;0.262227174
456;25;2;Master;1;yes;1.08;0.65;0.28;15;10.225;44;0.3;16.91999663;22.80908652;25.96276477;27.94610459;1.228400272;1.358107893;1.414350938;1.44632128;0.217921008
457;21;2;Bachelor;1;yes;1.13;0.51;1.23;38.2;11.5;44.8;0.384615385;22.79996049;19.13897605;22.8375869;25.92271373;1.357934094;1.281918699;1.358650213;1.413680464;0.055746369
458;25;1;Master;1;yes;1.16;0.25;0.95;29.4;9.15;29.2;0.310344828;7.608562025;7.72766617;18.69100874;21.70315472;0.881302585;0.888048353;1.27163274;1.336522866;0.455220281
460;22;1;Matura;1;no;0.69;0.38;-0.44;18;6.625;42.8;0.351351351;17.8333325;22.07483646;17.27396598;36.14682817;1.251232507;1.343897495;1.23739206;1.558070195;0.306837688
461;19;2;Bachelor;1;no;-0.74;-0.61;-0.11;14.1;8.7;91.7;0.297297297;18.47112466;15.62537875;17.70273492;28.58486793;1.266493339;1.193830553;1.248040366;1.45613619;0.189642851
463;20;1;Matura;1;yes;0.88;1.29;0.3;9.525;6.75;35.2;0.4;11.99813273;10.40791429;13.24335649;12.24278715;1.079113662;1.017363707;1.12199807;1.087880299;0.008766637
464;24;1;Matura;1;no;1.24;-0.55;1.19;17.4;4.65;45.6;0.875;9.87703832;17.16161719;23.78241922;28.37618513;0.994626739;1.23455821;1.37625603;1.452954009;0.45832727
466;22;1;Bachelor;1;no;-0.15;-0.54;-0.58;11.2;6.05;46.8;0.393939394;10.89435477;10.17333993;11.11244455;12.52889126;1.037201514;1.007463556;1.045809607;1.09791264;0.060711126
467;21;1;Bachelor;1;yes;0.99;0.23;-0.18;12.6;8.15;61.6;0.333333333;12.08270991;12.20096725;11.71555791;18.60652914;1.082164349;1.086394261;1.068762975;1.269665367;0.187501019
468;26;1;Master;1;no;-0.19;0.6;-0.29;10.9;8.5;48.4;0.317073171;20.98072132;22.9058092;22.28977305;26.00249013;1.321820415;1.359945639;1.348105647;1.41501494;0.093194525
501;21;2;Bachelor;1;yes;0.98;0.03;0.4;17.4;9.325;35.6;0.333333333;16.07988;21.81380296;27.58392952;27.61944476;1.206282803;1.338731386;1.440656134;1.441214944;0.23493214
503;23;2;Bachelor;1;yes;0.92;0.53;1.18;13.4;9.35;51.2;0.517241379;21.42723411;25.40550823;30.27713568;32.33694954;1.330966115;1.404927887;1.481114787;1.509699049;0.178732934
506;21;2;Bachelor;2;no;0.7;0.34;1.63;14.6;8.7;52.8;0.25;18.07362974;23.97142799;37.07938379;49.24126194;1.257045381;1.379693906;1.569132508;1.692329174;0.435283793
507;22;2;Bachelor;1;yes;0.5;-0.18;0.62;18.4;7.325;68.4;0.4375;20.75798394;36.69503219;49.80037027;45.57304414;1.317185172;1.564607273;1.697232572;1.658708039;0.341522867
508;20;2;Bachelor;1;yes;-0.44;-0.66;-0.14;27.2;6.075;68.8;0.244444444;19.28227336;22.60723466;18.54346301;22.59281574;1.285158236;1.354247442;1.268190842;1.35397036;0.068812125
509;24;1;Bachelor;1;no;0.66;1.1;0.66;39.55;22.525;68;0.428571429;15.61023665;18.24003243;33.29438113;37.82574951;1.193409487;1.261025606;1.522370947;1.577787542;0.384378055
511;23;2;Bachelor;1;yes;0;0.08;0.37;17.2;8.575;62.8;0.333333333;16.85800344;20.46095922;32.00244608;45.2978649;1.226806138;1.31092599;1.505183174;1.656077732;0.429271594
513;25;1;Berufslehre;1;no;1.12;0.39;0.47;13.6;5.6;22.8;0.419354839;10.56128161;9.867984432;8.299306924;18.02095215;1.023716623;0.994228456;0.919041826;1.255777733;0.232061111
514;22;2;Matura;1;yes;-0.24;-0.25;0.44;9.525;9.35;27.6;0.352941176;19.02467355;24.45581858;27.86780439;29.78994951;1.279317213;1.388382204;1.445102753;1.474069767;0.194752554
515;20;1;Bachelor;1;no;0.63;-0.14;0.13;13.825;6.175;45.6;0.419354839;13.13438619;19.11191282;27.91941956;31.47974262;1.118409782;1.281304156;1.445906385;1.498031173;0.379621391
516;21;2;Berufsmatura;1;yes;-0.04;-0.85;-0.03;4.95;8.5;42.4;0.411764706;14.24056717;13.61550591;26.71487118;36.89477834;1.153527287;1.134033783;1.426753084;1.566964905;0.413437619
517;23;1;Berufsmatura;1;no;0.56;1.02;0.33;15.2;7.25;78;0.481481481;21.4293816;24.31990117;28.02174262;30.11320045;1.331009638;1.385961806;1.44749514;1.478756915;0.147747277
518;29;1;Master;1;yes;0.5;0.58;-0.49;12.2;6.7;38.4;0.388888889;6.735154876;7.248262854;7.704146158;13.51071239;0.828347587;0.860233934;0.886724513;1.130678249;0.302330662
519;23;1;Bachelor;1;yes;-0.2;0.8;-0.09;15.025;7.275;64.8;0.375;13.84012092;13.17057577;20.46295835;23.05292551;1.141139885;1.119604761;1.31096842;1.362726047;0.221586162
520;20;2;Matura;1;no;0.38;0.25;0.65;24.6;11.775;39.6;0.35;16.09770926;17.2029236;20.70854284;29.23249995;1.206764079;1.23560226;1.316149541;1.465865958;0.259101878
521;29;1;Berufslehre;2;yes;-0.38;-0.48;-0.5;14.4;6.3;47.6;0.304347826;15.07645173;19.75914683;22.5612244;30.29296329;1.178299142;1.295768188;1.353362665;1.481341759;0.303042617
522;22;2;Bachelor;1;no;0.67;-0.96;-0.34;19.5;5.4;28;0.315789474;14.09389881;18.52151761;27.14560342;28.14664589;1.149031149;1.267676569;1.4336995;1.449426649;0.3003955
523;21;2;Bachelor;1;yes;0.24;-0.27;-0.01;10.2;5.725;55.6;0.517241379;14.44484858;10.02843546;18.24285056;24.6627299;1.159712994;1.001233184;1.2610927;1.392041147;0.232328153
524;23;2;Matura;1;yes;-1.11;0.35;-0.68;31.4;8.375;44;0.294117647;30.32676212;32.42647941;50.96843264;62.24722904;1.481826045;1.510899799;1.707301279;1.794120023;0.312293979
525;26;1;Bachelor;1;no;0.73;1.11;-0.74;7.675;9.925;36.4;0.352941176;20.01428807;24.60372374;33.13003008;33.63608479;1.301340146;1.391000842;1.52022183;1.526805439;0.225465292
526;25;1;Berufslehre;1;no;0.03;-0.82;-0.55;9.625;6.225;40;0.25;6.282878306;6.704411274;5.353462149;9.35995882;0.798158648;0.826360648;0.728634736;0.971273938;0.17311529
527;21;2;Bachelor;1;yes;-1.32;-0.19;0.15;17;8.875;46.4;0.411764706;16.46810461;22.5210098;36.88640078;51.91982669;1.216643617;1.352587859;1.566866281;1.715333234;0.498689617
528;22;2;Bachelor;1;yes;0.06;0.48;1.28;17.6;7.8;57.2;0.243243243;27.59264984;28.67978878;32.93341449;35.3193352;1.44079341;1.457575949;1.51763676;1.54801252;0.107219111
529;21;2;Anderes;1;no;-0.97;-0.15;0.64;25.575;12.125;53.6;0.333333333;19.73822576;22.70091436;31.77016609;31.22892296;1.295308112;1.35604335;1.502019485;1.494557006;0.199248894
530;25;1;Berufslehre;1;no;-0.83;-1.38;-0.71;43.2;7.075;102.5;0.428571429;20.44961867;26.23419367;26.31016276;38.56009708;1.310685214;1.41886772;1.420123535;1.586138119;0.275452905
531;20;1;Berufslehre;2;yes;-0.76;0.24;-0.48;14.425;9.025;126.8;0.263157895;15.82792347;34.03667622;85.3675598;79.07618778;1.199423942;1.531947143;1.931292867;1.898045724;0.698621782
532;22;1;Bachelor;1;yes;0.14;-0.36;-0.27;10.9;3.625;103.175;0.28;13.59125192;9.973822576;19.81349907;28.27108705;1.133259462;0.998861638;1.296961179;1.451342508;0.318083045
535;20;2;Berufslehre;1;yes;-0.02;0.52;0.43;14.9;9.35;49.6;0.297297297;18.34543927;26.44605269;25.184034;32.96445009;1.263528115;1.422360859;1.401125297;1.518045835;0.25451772
536;23;2;Matura;1;yes;-0.52;0.01;0.14;12.6;11.5;38;0.333333333;27.08309033;31.41807051;39.12244924;46.70759376;1.432698218;1.49717951;1.592426036;1.669387494;0.236689276
537;20;2;Bachelor;1;yes;-0.39;0.03;0;17.6;9.3;60.8;0.379310345;18.28290168;23.86134699;27.19068708;41.49392679;1.262045124;1.377694956;1.434420182;1.617984536;0.355939413
538;24;1;Bachelor;2;no;-0.03;0.47;-0.21;19.6;4.825;35.6;0.333333333;14.54017796;23.48187444;35.83573522;30.94525015;1.162569722;1.370732761;1.554316319;1.490593998;0.328024276
540;19;2;oblig_Schule;1;yes;0.21;1.21;1.09;22.4;7.875;24;0.375;20.43087331;22.30128947;30.41966608;35.34171783;1.310286931;1.348329975;1.483154442;1.548287655;0.238000724
541;19;2;Bachelor;2;yes;-0.01;0.7;0.08;25.6;16.8;82.8;0.333333333;20.34291426;33.38279632;48.64931343;60.29402527;1.308413169;1.523522713;1.687076716;1.780274279;0.47186111
542;23;1;Bachelor;1;yes;0.15;0.62;-1.12;22.2;7.25;42.4;0.212121212;18.368441;27.84563962;39.38204449;34.15578965;1.264072298;1.444757198;1.595298258;1.53346433;0.269392033
544;26;2;Bachelor;1;no;-0.25;0;-0.47;15.8;8.025;78.4;0.257142857;17.94288176;18.35798672;26.30064146;28.38338686;1.253892195;1.263825051;1.419966341;1.453064217;0.199172021
545;18;1;Berufslehre;1;no;-0.94;-0.86;-0.48;22;11.725;73.2;0.315789474;21.3918405;33.22335791;36.79029311;50.92388242;1.330248152;1.521443525;1.565733248;1.706921507;0.376673355
546;20;2;Berufslehre;1;yes;-0.63;0.33;-0.5;20;7.175;37.6;0.24137931;18.95909013;27.14528654;42.52305731;80.36132202;1.277817491;1.43369443;1.628624482;1.905047073;0.627229581
547;18;2;Matura;1;no;-0.93;0.01;-0.11;15.225;7.75;127.8;0.333333333;17.80275863;24.63511588;30.2412535;30.54345924;1.250487304;1.39155461;1.480599789;1.484918222;0.234430918
548;21;2;Berufslehre;1;no;-0.9;-0.97;0.79;14.6;9.3;82.4;0.333333333;24.73569466;26.33068668;31.73541792;48.92655663;1.393324111;1.420462185;1.501544222;1.689544652;0.296220541
549;20;2;Bachelor;1;no;0;-0.23;0.03;21;7.575;74.4;0.15;17.81416356;20.83551577;32.59367653;43.33119693;1.250765435;1.318804256;1.513133351;1.636800686;0.38603525
550;21;2;Bachelor;1;no;0.01;-0.5;-0.47;13.2;7;50;0.302325581;27.87420682;42.86982272;69.86714504;75.33396139;1.445202518;1.632151688;1.844272997;1.876990805;0.431788287
551;19;2;Berufslehre;1;yes;-0.13;0.21;0.62;8.225;8.975;26.875;0.333333333;19.89169248;18.84926439;24.99915379;27.45551874;1.298671736;1.275294406;1.397925308;1.438629654;0.139957917
552;19;2;Bachelor;1;yes;1.11;1.01;0.1;14.4;7.1;53.6;0.36;18.41550372;19.35637736;29.60312914;35.25709694;1.265183603;1.28682408;1.47133762;1.54724655;0.282062947
554;21;2;Matura;1;yes;0.44;0.03;0.84;16.2;9.725;54.8;0.282051282;20.43274356;20.06497877;25.97029312;29.18442922;1.310326685;1.302438705;1.414476851;1.465151204;0.154824519
557;21;1;Matura;1;no;0.58;0.6;0.21;12.4;5.7;51.2;0.348837209;11.56052365;11.88330706;17.97287537;20.90025918;1.062977506;1.074937319;1.254617563;1.320151672;0.257174165
558;26;1;Berufslehre;1;no;-0.9;-0.83;-0.98;10.725;10.6;58;0.333333333;17.86064828;30.60239543;31.86205703;40.86659323;1.251897218;1.485755423;1.503273811;1.611368435;0.359471217
559;19;1;Matura;1;no;0.81;0.72;0.41;13.2;7.3;50;0.565217391;7.81012258;8.999489407;10.79214738;19.66762339;0.89265785;0.95421787;1.033107868;1.293751883;0.401094033
560;19;2;Matura;1;no;0.34;0.43;0.07;13.225;6.75;109.7;0.4;22.39637061;38.92543305;32.99939783;32.13746856;1.350177645;1.590233453;1.518506015;1.507011665;0.156834019
561;28;2;Anderes;1;yes;0.02;-0.57;0.3;17.7;8.8;38.4;0.333333333;23.05577334;29.3495821;41.31218802;44.72229852;1.362779694;1.467601922;1.616078197;1.650524116;0.287744422
563;19;2;Berufslehre;1;no;-1.19;-0.42;-0.55;21.8;15.2;7.175;0.2;27.03016559;26.77117666;32.76816675;28.55761221;1.431848706;1.42766746;1.515452145;1.455721892;0.023873186
564;18;2;Berufslehre;2;no;-0.73;-0.66;-0.66;14.4;6.6;32.8;0.545454545;18.533373;16.2446644;21.61568533;27.39568923;1.267954466;1.210710744;1.334769009;1.437682231;0.169727765
565;21;2;Berufslehre;1;no;-0.03;-0.33;-0.05;23.6;9.275;43.2;0.290322581;16.41011416;21.50907705;31.084894;36.99541751;1.215111602;1.332621775;1.492549391;1.568147933;0.35303633
568;22;2;Bachelor;1;yes;0.99;0.95;1.15;11.4;5.7;39.2;0.416666667;20.27531288;21.9888617;31.19260311;27.74766235;1.306967565;1.342202748;1.494051619;1.443226401;0.136258836
570;23;1;Berufslehre;1;yes;-0.32;0.03;0.71;23.2;8.8;63.6;0.294117647;15.575207;21.74493956;26.92199026;27.77229743;1.192433827;1.337358205;1.430107163;1.443611808;0.251177981
571;24;1;Berufslehre;1;no;-0.89;-0.39;0.09;23.8;9.1;34.8;0.225806452;19.40826768;9.84053223;13.87027891;17.87050069;1.287986773;0.993018588;1.142085194;1.252136721;-0.035850053
572;23;2;Berufsmatura;1;no;-0.46;0.35;-0.01;9.375;10.875;85.7;0.153846154;18.08107845;18.07624016;24.90213473;27.5385338;1.25722433;1.257108103;1.396236578;1.439940814;0.182716483
573;23;1;Master;1;yes;0.96;1.32;0.1;10.2;7.125;39.2;0.310344828;8.894124458;7.169371274;7.909738228;12.73668571;0.949103202;0.855481071;0.898162111;1.105056432;0.15595323
574;21;2;Bachelor;1;no;-0.09;0.02;-0.69;8.675;8.475;100.975;0.304347826;21.58097532;29.62508479;45.87788635;56.08823473;1.334071068;1.471659602;1.661603401;1.748871772;0.414800704
575;23;2;Berufslehre;1;no;0.26;-0.32;0.63;22.2;11.5;46.8;0.096774194;21.39602952;25.18832962;27.93763951;32.25909742;1.330333188;1.401199368;1.446189709;1.508652212;0.178319024
576;25;2;Berufslehre;1;no;-0.45;0.04;0.38;20.6;5.775;54.4;0.157894737;33.45090759;49.39779267;36.47764264;44.44409763;1.524407905;1.693707543;1.562026764;1.647814093;0.123406187
577;20;2;Matura;1;no;-0.6;-0.82;0.1;26.4;11.35;56.4;0.282051282;25.92361893;30.97585927;39.34503667;42.88414353;1.413695629;1.491023362;1.594889954;1.632296741;0.218601112
578;23;2;Berufslehre;1;no;-1.09;-0.74;-0.03;35.2;6.675;44.4;0.297297297;22.14026997;29.75458861;30.82191724;34.84377;1.345182912;1.47355395;1.48885965;1.542125138;0.196942226
580;21;1;Bachelor;1;yes;0.68;0.33;0.08;19.1;8.925;40;0.333333333;17.59298046;19.15955611;21.17945967;27.53402074;1.24533942;1.282385443;1.325914876;1.439869635;0.194530215
581;20;2;Matura;1;yes;0;0.38;0.45;25.2;7.6;48.8;0.448275862;17.07244865;22.10524286;25.15292352;26.92781749;1.232295815;1.344495291;1.40058847;1.430201155;0.19790534
583;22;2;Bachelor;1;no;0.54;1.14;0.43;8.875;6.775;65.6;0.4;19.98887717;20.36103223;29.15364524;30.34293601;1.300788399;1.308799791;1.464692865;1.482057601;0.181269202
584;28;1;Berufslehre;1;no;-0.31;-0.59;-0.96;11.6;11;39.2;0.302325581;12.03352755;15.26208614;22.24313758;32.03474839;1.080392956;1.1836139;1.347196048;1.505621317;0.425228361
585;21;1;Bachelor;1;no;0.23;0.9;0.93;23.4;7.05;50.4;0.357142857;12.45995488;11.57717155;11.59703543;13.31981661;1.095516469;1.063602469;1.064346984;1.124498246;0.028981776
586;25;1;Berufslehre;1;no;-0.68;-0.68;-0.29;22.4;6.825;30.8;0.421052632;9.917391125;18.49385888;31.08412541;29.07014387;0.996397441;1.267027539;1.492538652;1.463447181;0.46704974
587;20;1;Bachelor;1;no;-0.23;0.17;0.85;21.8;3.6;45.2;0.310344828;6.50508847;14.49493346;16.50508986;18.11747452;0.813253207;1.161216226;1.217617893;1.258097659;0.444844452
590;20;2;Matura;1;no;0.03;0.29;-0.05;18.8;10.1;47.6;0.333333333;17.27943872;19.79415324;25.95948892;27.54172475;1.237529631;1.296536928;1.414296138;1.439991134;0.202461502
591;21;2;Berufslehre;1;yes;-0.22;-0.4;0.01;30.5;12.6;45.6;0.170731707;20.96687463;17.66905834;28.99504231;29.83116273;1.321533698;1.247213405;1.462323747;1.474670181;0.153136483
592;21;2;Bachelor;1;yes;0.03;-0.26;-0.08;8.075;10.1;38.4;0.230769231;23.1277919;39.78764882;37.73101563;38.54375982;1.364134171;1.599748276;1.576698496;1.585954076;0.221819905
593;22;1;Berufslehre;1;yes;0.3;0.25;-0.52;12.6;8.425;45.2;0.454545455;13.21998059;13.31498941;14.87951756;23.29766772;1.121230817;1.124340825;1.17258885;1.367312447;0.24608163
594;21;1;Matura;1;no;-0.35;-0.65;-0.89;11;6.8;24.8;0.388888889;10.15604125;12.1895172;16.61300591;22.27826105;1.006724456;1.085986504;1.22044822;1.347881289;0.341156832
595;19;1;Berufslehre;1;no;-0.21;-0.6;1;26;12.6;94.5;0.3;10.56046258;16.07906211;23.69099072;36.18749747;1.023682942;1.206260713;1.374583223;1.558558551;0.534875609
596;23;1;Master;1;yes;1.09;1.41;0.75;8.125;5.4;47.2;0.454545455;14.21805876;20.67574341;26.54334019;37.29224114;1.152840305;1.315461134;1.423955573;1.571618484;0.418778179
597;21;1;oblig_Schule;1;yes;1.35;0.73;1.14;17.8;5.075;44.4;0.416666667;10.91284629;10.21070737;15.92049263;28.21393053;1.037938038;1.00905583;1.201956502;1.450463593;0.412525554
598;20;1;Berufslehre;1;no;-0.31;-0.47;0.11;10.4;9.2;54;0.282051282;19.92422256;29.16813142;35.8646269;80.26311492;1.299381384;1.464908608;1.554666317;1.90451601;0.605134626
599;21;2;Berufslehre;1;no;0.71;0.46;0.3;14.8;9;61.2;0.352941176;11.94452103;16.58349797;23.50512708;30.89406861;1.077168739;1.219676142;1.371162603;1.489875107;0.412706367
600;22;1;Bachelor;1;yes;-0.12;-0.7;-0.62;10;7.3;26.8;0.416666667;22.14235282;27.69188252;38.13521335;43.10013898;1.345223767;1.44235248;1.58132618;1.634478671;0.289254904
601;18;1;Matura;1;yes;-0.77;-0.06;-0.09;10.725;10.225;47.2;0.230769231;12.25491372;12.12869038;13.66542162;19.92243464;1.088310258;1.083813909;1.135623036;1.299342411;0.211032153
602;22;2;Berufslehre;1;yes;-0.19;-0.3;-0.43;17;10.325;112.3;0.333333333;22.32899918;40.02410758;47.51476871;40.42202502;1.348869258;1.602321657;1.67682862;1.606618067;0.257748809
603;19;1;oblig_Schule;1;no;0.14;-0.33;0.15;29.4;10.575;59.6;0.351351351;13.1480473;14.62892366;15.75166632;17.01129;1.118861258;1.165212374;1.197326503;1.230737248;0.11187599
605;25;1;Bachelor;1;yes;1.44;0.36;1.34;16.4;7.7;37.6;0.5;16.61928832;16.94875918;22.9904658;27.10018026;1.220612422;1.229137909;1.36154777;1.43297218;0.212359757
606;29;2;Berufslehre;1;yes;-0.47;-0.74;0.28;28.8;7.35;33.6;0.352941176;11.76732086;17.49100403;33.40072848;34.93076888;1.070677595;1.24281474;1.523755939;1.543208145;0.47253055
607;26;2;Anderes;1;yes;-0.43;0.36;0.84;12.2;6.975;52;0.333333333;14.79577539;12.40972991;14.44233707;17.42139285;1.17013773;1.093762329;1.159637477;1.241082874;0.070945144
608;21;1;Bachelor;1;yes;0.54;-0.83;-0.45;16.2;5.05;52.8;0.333333333;13.27854987;10.30404761;15.12392498;25.92478725;1.123150649;1.013007857;1.179664514;1.413715201;0.290564552
609;19;2;oblig_Schule;1;no;-0.29;-0.62;-0.36;43.6;9.375;39.6;0.3;19.07256394;24.84668032;31.40211899;47.71560233;1.280409079;1.395268372;1.496958955;1.67866041;0.398251331
610;21;1;Matura;1;no;-0.42;-0.35;-0.43;20;6.525;33.2;0.5;7.203169138;7.733829611;13.56212799;18.26834149;0.857523613;0.8883946;1.132327839;1.261699121;0.404175509
611;22;1;Berufslehre;1;no;-0.01;0.14;0.69;11.4;7.025;30.8;0.555555556;11.32844625;10.80872265;18.86093612;25.78140248;1.054170349;1.033774373;1.275563244;1.411306539;0.35713619
612;24;1;Bachelor;1;no;0.71;0.59;-0.09;15;7.3;59.6;0.35483871;15.97122698;19.7842845;45.68255009;52.04745781;1.203338282;1.296320349;1.659750339;1.716399522;0.51306124
613;20;1;Berufslehre;1;yes;-0.16;-0.69;0.03;16.4;9.125;37.6;0.583333333;29.25753265;26.01376273;39.2743469;61.58666114;1.466237698;1.415203175;1.594108972;1.78948666;0.323248962
614;19;1;Berufslehre;1;no;-0.57;0.21;-0.82;19.8;8.675;26.4;0.333333333;10.82721645;14.43424785;17.64277257;22.95644064;1.034516819;1.159394158;1.246566836;1.360904552;0.326387733
615;19;2;Berufslehre;1;yes;-0.73;-0.67;-0.63;31.6;10.8;85.8;0.142857143;18.81408167;23.17154181;32.62967514;41.76150823;1.274483025;1.364954932;1.51361275;1.620776175;0.34629315
616;20;2;Anderes;1;no;-0.13;0.03;0.42;11.7;6.75;80.4;0.4375;17.30383263;23.62501161;41.666467;31.54464751;1.238142306;1.373372031;1.619786677;1.498925679;0.260783373
617;22;1;Bachelor;1;no;0.64;0.35;-0.31;21.2;12.375;35.6;0.333333333;12.01825706;14.34304093;24.57489197;27.50209109;1.079841489;1.156641238;1.390491617;1.439365716;0.359524227
619;20;1;Berufslehre;1;yes;-0.82;-0.69;-0.11;26;7.45;84;0.333333333;13.54417329;13.98088022;18.88917331;25.10181968;1.131752502;1.145534515;1.276212951;1.399705205;0.267952704
621;22;2;Matura;1;yes;0.61;0.54;0.01;14.4;6.95;27.6;0.428571429;9.012101978;7.927171934;9.142944441;15.59595405;0.954826097;0.899118278;0.961086081;1.193011947;0.238185849
622;22;2;Bachelor;1;no;-0.08;0.18;0.02;26.8;8.6;91.275;0.565217391;20.39036153;26.94440081;36.68188653;47.46609505;1.309424926;1.43046853;1.564451663;1.676383505;0.366958579
623;21;1;Bachelor;1;no;0.65;0.24;0.76;27.6;6.55;82.4;0.28;18.50308923;27.08396329;39.69174114;48.9639287;1.267244243;1.432712217;1.59870015;1.689876257;0.422632014
624;21;1;Matura;1;no;-0.04;0.04;-0.33;19.2;11.15;38;0.272727273;16.74388535;14.06778897;24.07554346;31.19544036;1.223856242;1.148225845;1.381576099;1.494091121;0.270234879
626;19;2;Matura;2;no;-0.04;0.54;-0.37;12;10.275;46.8;0.291666667;20.06819375;23.01380389;29.62992557;37.47983367;1.302508285;1.361988408;1.471730561;1.573797655;0.27128937
628;25;2;Berufslehre;1;yes;-0.35;-0.8;0.09;25;7.275;109.8;0.28;13.64808003;17.6276428;24.80226708;30.22947021;1.13507156;1.246194242;1.39449138;1.480430536;0.345358976
