Subject,RAPM,LetterSets,NumberSeries,OSpan,SymSpan,RotSpan,Antisaccade,FlankerEffect,FlankerBin,StroopEffect,StroopBin,LineThreshold.avg,LineThreshold.avg_last10,LineThreshold.2wrong_first,LineThreshold.2wrong_mean,LineThreshold.last,LineThreshold.last4rev,CircleThreshold.avg,CircleThreshold.avg_last10,CircleThreshold.2wrong_first,CircleThreshold.2wrong_mean,CircleThreshold.last,CircleThreshold.last4rev,LoudThreshold.avg,LoudThreshold.avg_last10,LoudThreshold.2wrong_first,LoudThreshold.2wrong_mean,LoudThreshold.last,LoudThreshold.last4rev,PitchThreshold.avg,PitchThreshold.avg_last10,PitchThreshold.2wrong_first,PitchThreshold.2wrong_mean,PitchThreshold.last,PitchThreshold.last4rev
12000,16,20,,80,34,31,0.9166666666666666,97.28230683090703,5.583333333333333,98.54628813260456,5.5,11.775862068965518,18.5,1,9.333333333333334,11,17.25,2.9655172413793105,3.1,1,2,1,3.75,4.206896551724138,6.7,1,2.6666666666666665,4,6.25,6.637931034482759,4.9,2,2.3333333333333335,5,5.25
12002,13,18,,71,33,22,0.875,68.90735815602835,4.894736842105263,136.5,6.148148148148148,6,7,1,1,1,11,1.6724137931034482,1.6,1,1,3,2.5,3.913793103448276,4.5,2,2.5,5,5,4.155172413793103,4.3,3,2.75,4,3.75
12006,15,19,13,66,34,30,0.9166666666666666,87.96842105263153,5.989583333333333,15.00476190476195,3.7037037037037037,8.586206896551724,9,1,3.5,16,11,3.9827586206896552,3.5,1,2.3333333333333335,1,3.75,3.103448275862069,1.7,2,1.5,4,2.75,10.155172413793103,9.3,15,8,9,9
12008,14,24,15,78,19,21,0.6875,82.63541666666663,5.3125,102.24004845967454,5.388888888888889,8.758620689655173,7,1,6,16,8.5,2.9310344827586206,2.2,1,2,2,2.5,3.793103448275862,3.3,1,2.3333333333333335,5,3.5,8.155172413793103,7.3,7,6.666666666666667,9,7.75
12010,16,21,14,33,31,18,0.9583333333333334,,,167.32534178720027,6.722222222222222,9.620689655172415,7.5,1,3.5,1,8.5,2.1724137931034484,2.1,1,1,2,2.5,2.8448275862068964,3.1,1,2,1,4.25,10.224137931034482,5.7,7,8.333333333333334,5,5.5
12012,14,20,13,71,31,25,0.9791666666666666,97.50064184852374,7.378947368421053,123.12517006802727,6.62962962962963,6.810344827586207,6,1,3.5,16,11,2.0172413793103448,2.2,1,1,2,2.5,3.4482758620689653,2.4,1,1.5,2,2.5,3.810344827586207,1.9,3,2,1,2.5
12013,16,19,9,68,36,31,0.9375,46.40760233918127,5.294736842105263,10.543509528946402,4.12962962962963,9.137931034482758,6,1,3.5,11,8.5,2.1551724137931036,2.8,1,1.5,2,3,2.293103448275862,2.2,1,1.5,1,2.5,8.362068965517242,11.3,3,8,13,11.25
12015,13,18,12,56,28,,0.875,40.312210915818696,4.542553191489362,83.46109613656779,5.2592592592592595,6.689655172413793,6.5,1,1,16,13.5,2.586206896551724,2.6,1,2.3333333333333335,1,3,3.810344827586207,3.4,2,2.5,1,3.25,6.431034482758621,7.3,6,3.75,9,7.25
12018,14,11,12,69,39,36,0.625,147.5492610837439,6.644444444444445,163.9275710284113,6.62962962962963,15.741379310344827,28.5,1,8.5,31,28.5,4.5344827586206895,2.2,3,3.5,1,2.5,8.413793103448276,9.2,2,6.4,8,9.75,9.827586206896552,13.7,6,8.666666666666666,11,14
12021,16,17,6,73,33,42,0.9791666666666666,63.189516129032256,5.854166666666667,75.71651090342687,4.833333333333333,9.362068965517242,2.5,1,6,11,13.5,2.2758620689655173,2.5,1,2,1,3.5,2.7586206896551726,3,1,2,1,3.5,10.5,5.3,16,9,5,7.25
12022,8,14,9,42,16,31,0.9375,134.36842105263162,6.239583333333333,232.17042330951085,6.2592592592592595,9.189655172413794,12.5,1,6,26,16,2.913793103448276,2.9,1,2.5,3,3,3.586206896551724,2.1,2,1.5,2,2.5,6.5,4.5,3,4.666666666666667,5,4.5
12023,6,25,10,53,31,19,0.8125,51.97737961926089,4.8125,165.46091644204853,7.2407407407407405,14.362068965517242,11,5,5.666666666666667,21,16,2.7413793103448274,2.6,1,1,5,3.5,4.258620689655173,3.8,4,2.3333333333333335,1,6.5,18.93103448275862,21.1,19,18.6,20,22.25
12024,11,21,12,58,37,33,1,81.34121821407456,6.3578947368421055,87.81723779854622,5.2592592592592595,9.10344827586207,4.5,1,3.5,16,9.75,2.2758620689655173,2.2,1,1.5,4,2.5,6.568965517241379,5.5,6,4.8,10,5.75,7.258620689655173,6.9,6,5.5,5,6.75
12025,12,18,11,26,28,25,0.9791666666666666,82.40350877192981,5.479166666666667,152.8599419448476,6.537037037037037,13.189655172413794,9,1,8.5,16,11,2.6724137931034484,2.6,2,1.5,1,3,3.8275862068965516,2.1,6,3.5,2,2.5,9.258620689655173,11.7,5,7.666666666666667,13,11.25
12027,9,12,7,42,15,15,0.8333333333333334,54.362262038073936,5.375,150.60923999294653,5.796296296296297,15.224137931034482,16.5,1,8.5,11,16,2.1206896551724137,2.6,1,1.5,3,3,4.810344827586207,6.5,1,3,5,6.5,19.29310344827586,20.9,15,20,20,21.75
12029,13,18,11,62,30,40,0.6875,,,173.09605399792304,5.277777777777778,11.344827586206897,8.5,1,3.5,21,9.75,2.2758620689655173,2.1,1,1.5,2,2.5,4.017241379310345,4.7,3,3.25,2,4.5,5.724137931034483,5.5,5,4.2,6,6
12030,16,14,11,61,40,34,0.8958333333333334,73.13647342995176,6.421052631578948,96.87450980392157,7.37037037037037,8.189655172413794,8.5,1,1,1,8.5,1.793103448275862,1.6,1,1,1,2.5,6.517241379310345,3.4,7,5,1,4,19.689655172413794,22,14,20.5,24,21.5
12033,10,22,14,82,29,30,1,49.70572082379863,5.572916666666667,61.38031816500188,5.166666666666667,11.172413793103448,9,1,6,1,11,3.5,4.7,1,2.6666666666666665,2,5,4.9655172413793105,3.7,5,2.75,1,3.25,4.982758620689655,3.7,3,3.4,5,3.75
12034,5,8,8,76,6,8,0.5,132.91447368421052,7.442105263157894,277.764105226722,6.962962962962963,12.413793103448276,21.5,1,6,6,23.5,3.1379310344827585,2.2,1,1.5,2,2.5,5.5,5.7,4,3.25,5,5.75,21,19.1,24,20.428571428571427,22,19.25
12038,4,15,7,59,29,20,0.7708333333333334,90.10568917668832,6.021052631578947,215.5168400634809,5.314814814814815,13.327586206896552,16.5,1,8.5,11,17.25,2.4482758620689653,2.6,1,1.5,4,3,5.844827586206897,12.2,1,6,11,12,20.379310344827587,22.3,11,18.666666666666668,21,22.25
12040,3,2,4,16,7,,0.8541666666666666,176.91287878787887,6.966292134831461,300.9814814814815,6.962962962962963,,,,,,,2.706896551724138,3.6,2,2,6,3.75,5.086206896551724,7.9,1,3.8,12,8.5,22.362068965517242,22.8,17,21.4,19,23.5
12041,14,22,12,78,40,21,0.8958333333333334,58.23809523809524,6.821052631578947,-27.032738095238187,5.425925925925926,15.706896551724139,13.5,5,7,16,11,2.3793103448275863,1.9,1,1.5,3,2.5,3.4655172413793105,3,2,2,1,3.5,11.051724137931034,5.7,17,15,1,6.5
12043,11,16,7,70,35,30,0.8541666666666666,145.11224127735068,7.072916666666667,223.6134720507847,6.62962962962963,8.879310344827585,7,1,6,1,8.5,1.8793103448275863,2.4,1,1,2,2.5,3.2586206896551726,2.6,1,2.3333333333333335,5,3.25,10.5,10.5,7,10,9,9.75
12047,9,12,11,48,21,20,0.8958333333333334,49.22553191489362,4.354166666666667,,,10.741379310344827,12.5,1,6,11,13.5,3.396551724137931,2.2,1,2,4,2.5,8.706896551724139,10.7,2,7.375,12,10.75,8.913793103448276,7.7,6,7.25,5,9
12048,3,16,6,45,19,12,0.75,83.44388440860212,5.382978723404255,80.32075471698113,5.425925925925926,8.241379310344827,7.5,1,3.5,1,8.5,3.086206896551724,2.3,1,1.5,1,2.5,7.741379310344827,4.9,7,5.25,9,5,22.189655172413794,23.5,22,21,23,23.5
12049,12,18,12,64,36,39,0.9583333333333334,71.73847517730502,5.229166666666667,161.1006289308176,5.962962962962963,8.327586206896552,19.5,1,1,6,17.25,2.103448275862069,4.1,1,2,1,4.5,5.275862068965517,8.7,1,4,4,10.5,10.913793103448276,8.5,16,9.6,13,8.5
12050,5,11,5,32,7,5,0.4583333333333333,,,177.13560975609767,9.38888888888889,10.137931034482758,10.5,1,6,1,11,2.7413793103448274,4.2,1,2,5,5.5,10.482758620689655,9.1,6,9.571428571428571,10,9.25,21.448275862068964,20.2,15,20,24,21.25
12051,6,9,6,24,15,20,0.875,85.63142730496452,5.333333333333333,159.91111111111104,7.055555555555555,13.068965517241379,9.5,1,6,16,9.75,3.1724137931034484,1.9,1,1,1,2.5,5.810344827586207,4.9,3,3.3333333333333335,5,4.5,22.413793103448278,22.9,19,21.6,24,22.5
12052,13,15,8,42,10,13,0.9583333333333334,75.14342948717956,5.75,263.0003770739065,7.277777777777778,9.189655172413794,7,1,3.5,6,8.5,2.1551724137931036,2.5,1,1.5,2,3,4.637931034482759,1.9,6,3.3333333333333335,4,2.5,23.017241379310345,23.2,23,22.25,24,23.25
12053,7,25,8,60,25,20,0.9375,122.91489361702122,7.191489361702128,92.38475368572449,5.2407407407407405,18.810344827586206,24.5,,11,41,26,2.189655172413793,1.9,1,1,1,3.5,9.293103448275861,9.5,8,8.333333333333334,6,9.75,14.913793103448276,20.5,8,12.8,21,20.5
12057,12,21,9,68,43,28,0.8958333333333334,90.3310190369541,5.59375,35.082900657667096,4.2592592592592595,10.051724137931034,6.5,1,6,6,8.5,1.9827586206896552,2.2,1,1,1,2.5,6.5,6.5,5,4.5,7,6,6.275862068965517,5.9,9,5.25,2,6
12058,15,16,10,22,29,23,0.8541666666666666,14.672222222222217,3.782608695652174,37.61828737300425,4.7407407407407405,8.96551724137931,7,1,3.5,11,8.5,2.5344827586206895,2,1,1,5,3.5,9.206896551724139,10.9,4,8.333333333333334,13,10.5,22.689655172413794,22.1,15,20.833333333333332,24,22.5
12059,10,15,6,41,27,17,0.8125,68.73369565217388,6.104166666666667,158.52265914300824,6.055555555555555,9.310344827586206,12.5,1,6,11,13.5,2.7413793103448274,1.9,2,1.5,1,2.5,3.3448275862068964,3.9,6,3.5,6,5,8.482758620689655,3.6,3,4.5,2,5
12060,12,14,13,27,34,33,1,82.42345050878816,6.25,192.9519230769231,6.555555555555555,13.827586206896552,16.5,10,8.8,31,17.25,3.0689655172413794,2.5,1,2.3333333333333335,6,3.75,4,3,1,2.5,5,4,17.620689655172413,18.5,22,17.833333333333332,19,18
12061,7,11,4,28,22,26,0.6666666666666666,129.3880179171332,6.208333333333333,232.5396575821104,6.777777777777778,13.913793103448276,11,5,4,16,13.5,2.3620689655172415,2.2,1,1,4,2.5,3.586206896551724,3.8,1,3.3333333333333335,8,4.25,16.862068965517242,14.3,22,17,18,15.75
12062,5,,9,72,41,,0.875,102.4541029994341,5.90625,152.37037037037044,5.314814814814815,8.5,7,1,3.5,6,8.5,1.8793103448275863,1.9,1,1,3,2.5,8.155172413793103,6.9,7,6.75,5,6.75,13.120689655172415,11.3,11,12,9,11.5
12063,15,22,13,67,37,40,0.9791666666666666,154.8999542124543,6.78494623655914,185.35988819007696,6.62962962962963,8.241379310344827,5.5,1,1,16,8.5,2.1551724137931036,2.2,2,1.5,1,2.5,5.362068965517241,5.3,1,4.166666666666667,9,6.5,16.43103448275862,6.5,17,18.333333333333332,1,20.5
12064,14,21,14,69,48,47,0.9791666666666666,38.14549731182797,4.802083333333333,4.133076923076942,5.092592592592593,7.086206896551724,7.5,5,4,16,11,1.6896551724137931,1.6,1,1,4,2.5,2.9482758620689653,3.1,1,2,4,3.5,3.189655172413793,1.6,3,2,4,2.5
12065,7,21,6,44,13,16,0.7708333333333334,90.85542582417577,7.010416666666667,123.83211041229913,5.7592592592592595,8.53448275862069,15,1,1,16,14.75,2.413793103448276,2,1,1,3,2.5,3.086206896551724,2.7,2,1.5,4,3.5,17.137931034482758,11.3,15,19,9,13.5
12068,5,15,8,72,21,36,0.9583333333333334,128.39516843971637,5.91578947368421,144.16666666666674,5.925925925925926,8.53448275862069,7,1,3.5,16,8.5,2,2.3,1,1,4,3,4.155172413793103,1.9,4,3.6666666666666665,4,3.25,9.39655172413793,17.7,1,7.8,17,17.25
12069,12,,13,38,10,,1,53.191720629047154,5.021052631578947,42.44115610938047,4.537037037037037,8.844827586206897,13.5,1,8.5,26,14.75,2.3620689655172415,2.6,1,1.5,3,3,2.4827586206896552,2.5,1,2,5,2.75,20.379310344827587,15.7,15,20.75,15,16
12070,3,8,6,27,,15,0.6875,99.39278533412175,6.852631578947369,16.54380721090979,4.462962962962963,19.155172413793103,36.1,1,16,10,28.25,3.6551724137931036,2.2,,2.3333333333333335,1,2.5,7.810344827586207,9.7,2,7.75,8,9.25,20.43103448275862,22.6,15,19.333333333333332,21,21.5
12071,11,20,13,57,34,25,0.7916666666666666,52.98057354301574,5.447916666666667,154.461215932914,5.574074074074074,9.275862068965518,13.5,1,6,21,18.5,3.5172413793103448,3.2,2,2,2,3.5,4.482758620689655,2.2,4,2.6666666666666665,6,3,6.5,3.3,6,5.5,1,3.5
12072,11,16,8,25,18,16,0.9583333333333334,61.02197802197804,4.362637362637362,99.36501498853818,5.37037037037037,12.206896551724139,13,1,7.666666666666667,1,17.25,2.2241379310344827,2,1,1.5,1,3,5.655172413793103,9.9,2,3.25,9,10.5,14.982758620689655,20.5,12,14.75,16,18
12076,17,24,11,72,31,32,0.9375,66.02236842105265,5.572916666666667,111.53598881900768,5.574074074074074,7.982758620689655,12.5,1,1,11,13.5,2.5517241379310347,1.6,1,2,4,3,1.896551724137931,1.6,1,1,1,2.5,5.241379310344827,3.9,5,2.75,2,4
12078,10,19,7,53,33,41,0.75,69.11367127496163,6.473118279569892,,5.787234042553192,7.120689655172414,3,1,1,11,8.5,2.6206896551724137,2.9,1,1,3,2.5,,,,,,,10.568965517241379,6.1,13,10.5,5,6
12080,17,22,14,79,41,36,0.9791666666666666,75.25694444444446,6.231578947368421,150.6885910774114,5.833333333333333,10.39655172413793,8.5,1,6,11,8.5,2.4310344827586206,1.9,3,2,3,2.5,,,,,,,6.586206896551724,5.7,1,4.75,3,6
12081,12,20,11,30,40,31,0.9791666666666666,81.77489035087717,5.708333333333333,94.86111111111109,5.148148148148148,11.03448275862069,8.5,1,3.5,11,8.5,2.1551724137931036,1.6,1,1,1,2.5,3.706896551724138,3.3,1,2.5,5,3.5,10.862068965517242,2.6,10,6,5,3.25
12083,9,18,8,65,28,26,0.8333333333333334,124.71872778962336,7.1866666666666665,,,10.827586206896552,5.5,6,3.5,16,8.5,4.327586206896552,4.1,1,3,1,5,11.879310344827585,11.6,10,11.5,11,11.25,21.67241379310345,22.3,18,21.333333333333332,24,23
12084,10,21,14,80,26,29,0.8333333333333334,42.154090354090386,4.531914893617022,160.27282913165266,6.907407407407407,8.586206896551724,20.5,1,1,1,23.5,3.1551724137931036,2.6,1,2.3333333333333335,6,3.25,5.017241379310345,9.7,5,3.5,10,9.75,3.793103448275862,5.3,1,3.3333333333333335,7,6
12087,14,20,13,80,19,24,0.875,92.54080362195816,5.652631578947369,2.4079501740245632,4.203703703703703,6.431034482758621,5.5,1,1,11,8.5,2.5344827586206895,3.5,1,2,4,3.5,2.2758620689655173,3,1,1,5,3.25,16.448275862068964,22.6,8,17.285714285714285,24,23.25
12089,13,17,12,62,18,29,0.9375,59.47138278388286,5.489583333333333,-49.69115384615384,4.113207547169812,11.862068965517242,15.5,1,6,16,16,2.8448275862068964,1.6,1,2,1,2.5,5.689655172413793,9.5,2,3.2,6,8.5,11.60344827586207,6.1,13,11.25,1,11.25
12092,14,19,12,55,21,22,1,31.429385964912285,4.03125,390.7252112966398,5.615384615384615,14.724137931034482,8,5,5.666666666666667,6,8.5,3.2413793103448274,2.9,1,2.3333333333333335,3,2.5,4.879310344827586,5.1,2,3,4,5.25,18.155172413793103,18.7,15,16.2,20,18.5
12094,7,16,12,45,35,35,0.8333333333333334,52.62945128779393,5.042105263157895,242.00073991860893,7.833333333333333,8.931034482758621,7,1,6,1,8.5,2.5517241379310347,3.9,1,1,2,3.25,3.1724137931034484,1.8,3,2,2,3,13.5,15.1,15,11,10,11.5
12095,14,24,13,75,35,40,0.8958333333333334,123.49954710144931,6.810526315789474,-2.302930402930315,4.444444444444445,10.655172413793103,9,1,6,16,11,2.2241379310344827,3,1,1,3,3.5,2.9827586206896552,2.9,1,1.5,1,3,16.155172413793103,13.5,11,13.8,12,15.25
12096,4,12,4,50,19,17,0.4583333333333333,78.46259798432254,5.052631578947368,156.17316169987657,6.166666666666667,11.948275862068966,12.5,1,9.333333333333334,31,17.25,2.086206896551724,2.1,1,1,6,3,3.2241379310344827,2.7,1,2,8,2.75,21.137931034482758,19.7,19,20.25,19,18.5
12097,16,18,13,54,14,28,0.9166666666666666,42.73278425989474,4.645833333333333,172.77647058823527,6.703703703703703,7.724137931034483,4.5,1,3.5,1,8.5,1.9310344827586208,2.2,1,1,1,2.5,3.0172413793103448,1.9,1,2,1,2.5,9.189655172413794,14.5,2,6.5,9,11.75
12098,11,23,14,71,29,36,0.9375,170.11247139588102,7.172043010752688,212.79419986023754,6.703703703703703,10.482758620689655,14.5,1,3.5,21,16,3.4482758620689653,4.3,2,2.3333333333333335,2,4.5,5.137931034482759,3.6,3,3.8,6,4,7.396551724137931,6.5,4,7.25,9,5.5
12101,9,14,10,45,27,13,0.9583333333333334,83.1734082397004,5.76595744680851,,8.08,15.655172413793103,13.5,1,14.75,16,14.75,3.413793103448276,2.7,1,1,8,2.75,9.689655172413794,10.6,6,9.4,12,11,22.5,23,24,22,23,23
12102,10,18,8,30,16,27,0.9375,36.808510638297776,4.8125,150.714074074074,6.407407407407407,9.448275862068966,7,1,3.5,16,8.5,2.189655172413793,1.9,2,1.5,3,2.5,5.706896551724138,5.1,5,4.333333333333333,4,5.75,16.75862068965517,7.7,17,18.666666666666668,9,13.5
12103,8,9,6,4,12,6,0.5416666666666666,,,-23.85190325138774,3.537037037037037,15.568965517241379,13.5,1,8.5,26,14.75,4.741379310344827,5.9,1,3,8,7,8.741379310344827,8.3,10,9.2,12,10.25,21.103448275862068,21.4,24,21,24,23
12104,13,12,9,31,28,27,0.4791666666666667,127.57698412698414,7.101123595505618,152.4771428571429,6.685185185185185,9.53448275862069,8.5,1,6,11,8.5,2.1724137931034484,1.6,1,1.5,1,2.5,,,,,,,13.741379310344827,17.3,6,11.75,13,16.75
12105,10,13,4,22,24,18,0.6875,44.19631410256409,4.957894736842105,169.81315633049337,7.611111111111111,9.362068965517242,15.5,1,3.5,6,16,3.603448275862069,3.9,1,2,4,4,8.586206896551724,5.7,4,8,7,6.5,21.275862068965516,18.7,19,21.8,20,19.25
12107,9,9,5,44,,26,0.9583333333333334,32.52083333333337,4.354166666666667,152.92703703703705,6.907407407407407,6.206896551724138,2.5,1,1,11,11,2.4310344827586206,2.6,1,1.5,4,3,4.344827586206897,6.3,5,3.3333333333333335,6,5.75,,,,,,
12109,6,7,10,55,17,9,0.9791666666666666,94.24335106382978,6.104166666666667,262.9414744933613,7.185185185185185,13.068965517241379,16.5,1,8.5,21,17.25,2.5689655172413794,3.9,1,2,6,3.75,,,,,,,11.620689655172415,12.9,11,10.666666666666666,15,16.25
12110,5,19,9,57,27,,0.6041666666666666,93.36148049645385,6.291666666666667,117.26075471698118,6.648148148148148,13.068965517241379,18.5,1,8.5,1,21,2.810344827586207,3.3,1,1.5,5,3.5,4.637931034482759,4,6,4,6,4.75,19.75862068965517,12.9,15,18.5,15,19.75
12112,13,13,10,60,32,23,0.8125,47.82959326788216,4.829787234042553,182.34800838574438,5.185185185185185,12.120689655172415,18.5,1,7.666666666666667,11,21,1.896551724137931,2.6,1,1,1,3,6.155172413793103,4.1,5,3.25,5,4.25,14.724137931034482,13.1,6,15,22,17.75
12113,9,13,14,1,0,0,0.6458333333333334,125.16897220426631,6.483516483516484,193.26011904761913,6.925925925925926,9.620689655172415,17.5,1,6,16,16,2,2.7,1,1,1,3,3.7586206896551726,2.6,1,2.3333333333333335,7,3.75,18.5,11.7,15,20.2,9,12
12115,6,10,4,20,11,15,0.6875,137.8088548318434,7.450549450549451,,,12.241379310344827,2.5,1,6,11,13.5,2.6724137931034484,1.5,1,2.5,2,2.5,6.586206896551724,4.5,8,6.4,1,7.25,21.637931034482758,23.4,17,21,24,23.5
12116,12,18,14,77,17,15,0.8958333333333334,49.2386350491613,5.442105263157894,268.79126213592235,7.092592592592593,8.931034482758621,5.5,1,3.5,1,11,1.8103448275862069,2.2,1,1,2,2.5,6.655172413793103,4.2,4,4.5,4,4.75,10.637931034482758,9.7,9,9.75,5,12.25
12117,9,21,8,44,15,17,0.75,86.78070175438592,6.631578947368421,119.65099715099711,5.925925925925926,7.206896551724138,8.5,1,1,16,13.5,1.6206896551724137,2.2,1,1,1,2.5,4.948275862068965,2.7,5,2.75,5,3.25,9.293103448275861,4.7,7,5.5,4,4.5
12118,14,20,14,70,44,32,0.9791666666666666,106.31580284552848,8.5,129.64364079642428,7.7592592592592595,10.431034482758621,12.5,1,3.5,1,13.5,1.896551724137931,1.6,1,1,4,2.5,3.396551724137931,4.1,1,2.5,5,4,7.396551724137931,9.3,8,5.5,9,9.75
12121,4,8,6,28,10,7,0.4375,134.73381377259216,6.572916666666667,112.45704341454473,5.574074074074074,15.948275862068966,23.5,1,9.333333333333334,16,23.5,2.5,2.5,1,1.5,7,2.5,5.741379310344827,9.3,1,3.5,13,9.25,22.5,23.4,13,20.333333333333332,23,23.5
12122,1,8,4,50,16,1,0.7708333333333334,,,152.31481481481478,5.87037037037037,11.224137931034482,5.5,6,7.666666666666667,1,13.5,2.6379310344827585,3,2,1.5,4,3.5,3.586206896551724,4.3,1,2.5,6,4.75,22.29310344827586,23.2,24,22,24,23
12123,10,17,10,50,34,26,1,59.79592529711374,5.583333333333333,88.19159544159538,5.351851851851852,6.517241379310345,4,1,1,16,8.5,1.5517241379310345,3,1,1,1,3.5,2.793103448275862,2.5,1,2,2,3,7.879310344827586,2.9,7,8,1,3
12124,8,17,7,62,32,36,1,38.75,4.489583333333333,42.71296296296293,4.648148148148148,9.362068965517242,8,1,3.5,6,8.5,1.5172413793103448,1.6,1,1,1,2.5,4.413793103448276,3.9,1,3.2,2,4,6.086206896551724,4.1,2,4.333333333333333,5,5.25
12125,9,20,14,69,41,37,0.9583333333333334,79.32004830917867,6.273684210526316,81.93382207251841,5.981481481481482,10.775862068965518,11,1,8.5,1,14.75,2.7586206896551726,3.1,1,1,3,3.25,,,,,,,15.931034482758621,13.5,13,17.25,14,13.25
12126,10,23,15,56,39,23,1,59.2943262411348,5.645833333333333,-10.263041065482867,4.777777777777778,13.155172413793103,14.5,1,7.666666666666667,11,16,2.086206896551724,2.2,1,1,1,2.5,3.3620689655172415,1.7,2,2.5,1,2.5,8.706896551724139,14.1,5,7.25,13,14
12127,8,13,10,43,20,22,0.9166666666666666,84.40564516129041,6.78021978021978,36.57098039215691,4.944444444444445,15.379310344827585,17.5,10,8.166666666666666,26,21,4.482758620689655,,2,2.75,8,,4.637931034482759,4.5,3,2.5,5,4.5,5.775862068965517,5.9,3,5,4,6
12129,5,,5,25,11,11,0.5416666666666666,162.70649188514358,6.655555555555556,291.8114970904603,6.12962962962963,9.568965517241379,6.5,1,6,16,11,2.9655172413793105,3.5,1,2,2,3.5,10.706896551724139,8.9,11,10.6,13,10.25,22.93103448275862,23.4,24,22,22,23.5
12133,15,14,13,70,26,27,0.6041666666666666,56.40860215053772,5.552083333333333,171.82185771504862,7.018518518518518,16.120689655172413,15.5,1,8.5,16,16,3.6551724137931036,3.5,1,2.5,4,4,3.586206896551724,6.1,1,2.6666666666666665,7,6.5,7.396551724137931,4.1,9,6,9,4.25
12134,10,15,9,37,17,15,0.5833333333333334,70.56842105263155,5.5625,,,13.620689655172415,22.5,1,9.75,11,19.75,1.7241379310344827,1.6,1,1,1,2.5,3.5172413793103448,2.9,2,1.5,3,3,12.5,16.1,5,11.4,13,16.5
12135,13,20,8,77,40,39,0.9791666666666666,,,120.87342767295604,7.055555555555555,6.862068965517241,9.5,1,3.5,1,11,3.0172413793103448,3.3,1,2,3,3.5,4.603448275862069,9.1,1,3.6,10,8.5,10.431034482758621,13.7,10,11,13,13.5
12136,9,13,6,65,29,21,0.9375,60.88844525105867,6.197916666666667,90.8899371069183,5.888888888888889,14.879310344827585,20.5,1,11,31,19.75,4.068965517241379,3.6,2,2.3333333333333335,2,4,3.310344827586207,3.5,1,2.5,1,4,17.70689655172414,18.3,13,16.4,18,18.75
12137,10,12,5,48,26,24,0.8333333333333334,72.03826754385966,5.0625,64.74272615059078,5.2407407407407405,9.10344827586207,9.5,1,3.5,21,13.5,2.293103448275862,3.9,1,1.5,2,4,2.7586206896551726,2.4,1,1.5,2,2.5,7.224137931034483,7.1,1,4.5,8,8.5
12138,9,9,8,45,14,30,0.6458333333333334,115.43111559139788,6.46875,182.53046036690887,5.777777777777778,11.431034482758621,14.5,1,3.5,11,13.5,3.206896551724138,3.9,1,2.6666666666666665,4,3.5,6.603448275862069,9.7,3,5,9,9.5,17.913793103448278,15.1,15,16.75,18,16
12139,9,12,6,7,5,17,0.9166666666666666,35.93684210526317,4.021052631578947,132.18409586056646,6.462962962962963,13.586206896551724,19.5,1,9.333333333333334,16,18.5,2.603448275862069,2.2,1,1,4,2.5,5.568965517241379,7.3,1,4.6,7,7,16.637931034482758,16.5,11,14.75,17,15.75
12140,9,14,6,50,40,32,0.9583333333333334,47.54934210526318,4.4375,66.03547423450334,5.166666666666667,11.172413793103448,4.5,1,6,1,8.5,2.1379310344827585,2.2,1,1,1,2.5,5.051724137931035,3.7,1,2.5,1,4,11.258620689655173,16.1,9,10,17,15.5
12141,6,4,3,24,7,12,0.5,112.83210784313724,7.770833333333333,364.1732418524873,8.833333333333334,17,12.5,5,8.8,,12.25,5.517241379310345,,1,3.8,9,,10.724137931034482,10.6,8,10.2,12,10.25,23.29310344827586,23.3,24,22.5,24,23.25
12142,6,17,7,27,11,1,0.4166666666666667,176.48226950354615,8.578947368421053,244.07340525328334,9.851851851851851,20.75862068965517,21.5,15,11.166666666666666,26,21,2.7413793103448274,2.6,1,1,2,3,7.724137931034483,10.8,1,6.333333333333333,12,12.25,18.67241379310345,22.4,15,19.666666666666668,23,23
12143,3,23,9,76,32,18,0.8125,,,180.05547169811325,7.203703703703703,11.517241379310345,5.5,1,3.5,1,14.75,2.9482758620689653,3.4,1,2.3333333333333335,4,3.5,,,,,,,18.810344827586206,14.9,18,17.4,19,16.25
12144,10,5,8,56,25,13,0.9583333333333334,31.65912653975363,4.1157894736842104,130.60621942697412,6,12.120689655172415,17.5,1,6,26,17.25,1.8275862068965518,1,1,1,4,2.5,6.948275862068965,3.3,9,5,7,3.75,14.568965517241379,13.5,9,12.5,22,12.5
12147,6,12,8,62,31,12,0.8958333333333334,71.89432703003342,5.648351648351649,303.1747572815534,7.0754716981132075,11.724137931034482,9,15,7,6,11,3.5,3.4,1,2.5,9,4,3.7413793103448274,3,2,2.3333333333333335,5,3.5,17.46551724137931,9.3,24,20,11,11.75
12148,11,12,5,28,9,13,0.8333333333333334,137.72159090909088,7.202127659574468,441.45000000000005,8.907407407407407,16.603448275862068,22.5,1,11,31,22.25,2.586206896551724,1.9,1,1.5,1,3,6.241379310344827,3.3,8,4.6,7,4,18.70689655172414,22.4,11,18.375,24,22.75
12149,,14,4,,20,26,0.9375,82.61170212765956,5.442105263157894,75.85064701653482,5.277777777777778,7.293103448275862,8.5,1,1,26,12.25,2.2758620689655173,1.6,1,1.5,1,2.5,4.0344827586206895,2.8,1,2.5,6,3.25,18.224137931034484,22.6,22,17.5,24,22.5
12150,,19,2,,34,39,0.8333333333333334,137.48839458413931,7.5625,-39.826785714285734,5.222222222222222,9.39655172413793,11,1,3.5,16,13.5,2.413793103448276,2.3,1,1.5,1,2.5,2.9827586206896552,2.2,1,1.5,4,2.75,16.655172413793103,23.2,12,17.166666666666668,23,23.5
12153,4,15,8,38,23,16,0.4375,120.10372340425533,6.197916666666667,,,13.137931034482758,7.5,10,8.25,11,11,3.0172413793103448,2.7,2,2,1,3,11.413793103448276,11.7,13,11,9,12,22.637931034482758,22.7,24,22.25,23,22.25
12154,6,18,8,61,18,21,0.7916666666666666,102.96121453900707,6.583333333333333,124.66666666666663,5.203703703703703,8.931034482758621,9,1,3.5,21,13.5,2.5689655172413794,2.5,1,1.5,2,3,8.568965517241379,5.9,8,7.25,6,5.5,16.051724137931036,15.9,14,14,14,16
12155,5,14,6,20,4,4,0.9583333333333334,63.063829787234,5,54.025268258913115,4.574074074074074,12.086206896551724,9.5,5,4,21,11,2.810344827586207,3.9,1,2.5,2,4,3.396551724137931,3.4,1,2,8,4.75,19.655172413793103,23.2,20,19.5,24,23.25
12160,3,10,7,37,21,17,0.4791666666666667,150.9434782608696,8.833333333333334,311.2924528301886,6.092592592592593,9.137931034482758,12.5,1,6,11,13.5,1.9827586206896552,1.9,1,1,1,2.5,8.068965517241379,5.1,11,7.4,4,5,19.67241379310345,21.5,17,18.6,21,22.25
12161,5,10,5,41,14,10,0.625,87.7992831541219,5.634408602150538,144.63032844164923,5.574074074074074,16.775862068965516,30.5,1,7.666666666666667,11,33.5,1.9655172413793103,1.9,1,1,1,2.5,,,,,,,16.637931034482758,13.7,15,15.6,13,15.5
12162,9,17,8,80,26,18,0.9583333333333334,43.87145390070924,4.989583333333333,4.953179594689118,4.092592592592593,10.051724137931034,8.5,1,6,11,8.5,2.5,2.2,1,1.5,3,2.5,7.879310344827586,7.3,7,7,13,8,19.275862068965516,21.2,11,17.666666666666668,24,21.5
12163,3,8,4,58,15,8,0.5,86.42504537205082,6.726315789473684,192.65457943925242,7.12962962962963,9.741379310344827,11.5,1,3.5,21,13.5,2.189655172413793,2.5,1,1,1,2.5,4.362068965517241,4.9,1,3.2,9,5.25,14.810344827586206,15.5,9,12.4,14,15.5
12166,10,17,6,48,27,35,0.9166666666666666,91.93478260869563,6.03125,133.34468902865137,5.055555555555555,11.155172413793103,7,5,4,1,8.5,2.6551724137931036,3.7,1,1,3,3.25,3.9655172413793105,7.5,1,2.5,6,7.75,18.275862068965516,15.1,19,18.285714285714285,10,16.25
12167,5,15,,14,8,9,0.6041666666666666,252.7979559748428,,,,,,,,,,,5.1,,,1,,5.879310344827586,3.3,2,4.333333333333333,7,3.75,20.93103448275862,21.5,19,20.833333333333332,18,22.75
12168,9,21,8,62,25,30,0.875,48.42686403508765,4.739583333333333,91.875,6.777777777777778,11.258620689655173,13,1,6,11,12.25,2.3793103448275863,1.3,1,2,1,2.5,3.3620689655172415,3.3,1,2,1,3.5,12.775862068965518,11.7,11,10.833333333333334,13,11.5
12171,5,19,6,54,37,24,0.5625,57.47849462365588,5.302083333333333,306.4139844617092,8.185185185185185,12.293103448275861,11,1,7.666666666666667,26,18.5,2.0344827586206895,1.6,1,1,1,2.5,7.551724137931035,8.5,1,5.8,5,8.25,18.224137931034484,20.9,15,18,21,20.75
12172,4,5,3,61,15,9,0.5625,208.8283166109253,8.855555555555556,228.22124370956158,7.185185185185185,10.655172413793103,14.5,1,6,1,12.25,3.293103448275862,2.7,1,1.5,4,2.75,11.275862068965518,11.9,10,10.166666666666666,12,11.75,23.20689655172414,23.5,24,23,23,23.25
12173,3,13,6,82,10,5,0.625,102.91266628108735,5.861702127659575,,,21.53448275862069,,1,19.8,40,,,3.7,1,3.5,,3.75,11.620689655172415,11.8,11,10.8,13,11.5,23.06896551724138,23.5,21,22.5,23,23.25
12174,3,17,3,35,21,15,0.6458333333333334,73.22529550827426,5.241758241758242,167.50179726815247,6.444444444444445,8.706896551724139,7,1,3.5,21,9.75,2.4827586206896552,2,1,1,3,2.5,2.7586206896551726,2.6,1,2.3333333333333335,4,3,16.344827586206897,22.4,11,15.5,20,21.5
12175,2,4,4,17,7,6,0.7083333333333334,,,266.91124871001034,,10.879310344827585,8.5,15,7.333333333333333,16,13.5,2.7586206896551726,1.9,1,1,4,2.5,11.551724137931034,12.6,8,10.8,11,12.5,21,22,19,21,19,22.25
12176,12,24,8,26,17,14,0.7708333333333334,26.01912846632706,4.2631578947368425,101.00544662309358,5.30188679245283,9.10344827586207,4,1,1,16,21,2,1.1,1,1,4,2.5,6.258620689655173,9.5,2,5.5,12,10,,,,,,
12177,6,11,8,28,21,17,0.6666666666666666,101.92850606268587,5.852631578947369,394.43547807332845,7.5,9.586206896551724,8.5,1,3.5,6,11,2.3620689655172415,2.1,1,2,2,2.5,,,,,,,16.362068965517242,19.3,13,14.5,24,20
12178,5,9,1,40,,23,0.6875,140.44791666666663,6.416666666666667,366.14814814814827,7.185185185185185,6.862068965517241,4.5,1,3.5,1,8.5,2.8793103448275863,3.5,1,2,2,3.5,2.396551724137931,1.6,2,1.5,1,2.5,8.879310344827585,4.6,7,7.666666666666667,9,5.5
12179,3,15,4,51,19,21,0.7083333333333334,32.61052631578957,4.242105263157895,223.68247978436648,6.314814814814815,7.379310344827586,4.5,1,1,16,8.5,2.1724137931034484,1.7,1,1,1,3.5,4.724137931034483,3.7,2,2.5,7,4.25,18.74137931034483,20.1,21,19.333333333333332,21,19.5
12180,12,19,8,60,29,13,0.9375,124.75985312117501,7.73404255319149,120.20692937369131,6.2592592592592595,11.862068965517242,11.5,1,6,16,11,2.7413793103448274,4.5,1,1.5,3,3.75,4.862068965517241,4.7,2,3,6,4.75,8.741379310344827,5.1,3,4,6,5.5
12181,16,13,10,60,46,36,0.9583333333333334,95.72916666666669,5.635416666666667,120.24880973373297,5.796296296296297,10.96551724137931,12.5,5,4,11,11,2.3275862068965516,2.4,1,1,2,2.5,2.5172413793103448,2.2,1,1,4,2.5,8.775862068965518,8.9,6,8.333333333333334,13,10.75
12184,5,11,7,23,5,9,0.4375,150.20430107526875,10.267441860465116,162.7982180293501,6.185185185185185,19.93103448275862,16.6,1,8.666666666666666,16,19,2.9827586206896552,2.7,1,1.5,1,3,,,,,,,22.75862068965517,23.4,21,22,24,23.25
12186,13,18,11,49,26,24,0.8958333333333334,121.89887640449433,7.2,77.0161620294599,7.185185185185185,10.879310344827585,9,1,6,16,11,3.0689655172413794,4.1,1,2,5,4,3.6724137931034484,3.3,3,2.5,5,3.25,9.327586206896552,13.7,9,7.75,13,13.5
12187,16,18,14,81,50,37,0.9375,55.90285087719292,4.833333333333333,116.65313390313383,6.12962962962963,6.431034482758621,7,1,1,11,8.5,1.8448275862068966,2.6,1,1,3,3,2.4482758620689653,3.7,1,1.5,3,4,9.741379310344827,12.1,5,8,9,12.5
12194,,15,9,43,5,13,0.7291666666666666,223.5040953090097,9.51086956521739,92.52777777777771,5.444444444444445,11.862068965517242,9,1,7.666666666666667,1,11,2.9655172413793105,1.8,2,2.3333333333333335,2,2.5,5.603448275862069,4.1,2,3.2,3,5,21.20689655172414,22.3,20,21.5,18,23.5
12195,8,7,6,28,23,9,0.9791666666666666,52.81981382978722,4.927083333333333,347.51973001038425,4.925925925925926,13.741379310344827,10.5,,10.666666666666666,1,11,2.913793103448276,2.2,1,1,1,2.5,7.827586206896552,6.9,8,6.833333333333333,5,7.5,8.982758620689655,8.1,10,8.5,9,9
12202,10,18,8,65,25,23,0.9583333333333334,131.37284482758622,7.684210526315789,53.965732087227366,5.37037037037037,13.982758620689655,10.5,5,7.8,1,11,2.5344827586206895,3.6,1,2.5,2,3.25,3.4655172413793105,2.6,1,2.3333333333333335,1,3,6.431034482758621,7.7,5,4.75,9,8.5
12203,11,16,13,45,31,45,1,152.83074472321778,8.022222222222222,52.78503401360547,6.055555555555555,12.948275862068966,15.5,1,6,16,19.75,3.6379310344827585,2,1,2,3,2.5,8.793103448275861,9.5,6,8,8,9.5,18.896551724137932,20.7,11,16.5,20,20.5
12204,12,11,8,13,11,20,0.9583333333333334,62.237709658762356,5.75,152.8475783475783,6.62962962962963,7.724137931034483,4.5,1,1,16,8.5,2,1.7,1,1,1,2.5,4.586206896551724,3.5,1,3,2,3.5,6.396551724137931,8.5,1,4.4,9,8.5
12207,12,20,10,63,26,30,0.9583333333333334,103.03832951945083,6.364583333333333,129.5448148148148,6.796296296296297,10.568965517241379,9.5,6,3.5,6,8.5,2.206896551724138,2.2,1,1,3,2.5,5.724137931034483,7.1,7,4.75,2,6.25,6.982758620689655,8.9,4,5,13,11
12211,15,20,12,63,23,25,0.8541666666666666,70.77894736842109,4.978947368421053,106.7641509433962,5.907407407407407,10.655172413793103,11.5,11,6,16,13.5,2.5689655172413794,2.2,1,1,1,2.5,4.103448275862069,3.9,3,2.5,6,4,12.017241379310345,6.9,13,11,9,8
12216,2,16,4,38,20,18,0.6041666666666666,242.07427536231887,10.310344827586206,121.00562409288818,5.407407407407407,,,,,35,35,5.275862068965517,3.4,,3,3,4.25,9.362068965517242,11.6,9,8.714285714285714,10,11.5,22.948275862068964,23.2,19,21.8,24,23
12218,8,13,6,49,14,17,0.9375,101.19060150375935,8.041666666666666,182.81712962962968,7.481481481481482,9.53448275862069,8.5,6,3.5,11,8.5,2.3620689655172415,1.9,1,1.5,1,2.5,3.4310344827586206,4.7,1,2.3333333333333335,6,5,7.879310344827586,8.5,13,8,9,8.75
12220,15,23,12,69,38,39,0.8958333333333334,37.404255319149,4.65625,74.59956865564345,5.425925925925926,7.724137931034483,13,1,1,1,12.25,1.9482758620689655,1.9,1,1,3,2.5,8.362068965517242,7.3,2,6.833333333333333,5,7.5,9.60344827586207,7.7,11,9,9,7.75
12222,12,15,13,59,29,30,0.9375,47.251108156028295,4.614583333333333,180.01150251617548,5.7407407407407405,9.620689655172415,11.5,1,3.5,1,13.5,2.706896551724138,2.2,1,2.5,2,2.5,3.586206896551724,3.7,3,2.6666666666666665,3,3.25,8.637931034482758,7.3,7,7.2,5,7.5
12223,5,9,7,34,17,13,0.9375,146.9036172161172,7.770833333333333,118.83262531860657,8.351851851851851,9.53448275862069,11.5,1,8.5,11,12.25,2.7758620689655173,3.3,2,1.5,3,3.5,3.2413793103448274,4.3,1,2.5,6,4.75,8.310344827586206,8.5,1,5,3,13.5
12225,7,15,4,32,36,25,0.9166666666666666,205.23680555555552,7.536842105263158,294.18146417445485,8.88888888888889,7.413793103448276,10,1,1,6,11,,,,,,,3.4827586206896552,4.1,1,3.6666666666666665,5,5,12.637931034482758,13.7,9,11.333333333333334,13,13.5
12227,6,10,5,13,13,8,0.8125,78.94736842105272,5.375,105.60920733817932,5.12962962962963,12.03448275862069,13.5,1,3.5,16,16,2.189655172413793,2.1,1,1,2,3,2.9482758620689653,2.6,1,1.5,1,3,18.46551724137931,21.9,18,16.4,20,21
12230,7,14,8,58,15,28,0.6875,111.24060150375931,6.968421052631579,139.56481481481478,5.555555555555555,6.517241379310345,5.5,1,1,1,8.5,2.086206896551724,1.7,1,1,1,2.5,3.4655172413793105,5.8,1,2.6666666666666665,12,7.75,21.56896551724138,20.8,21,21.166666666666668,23,21.5
12232,2,10,,30,,9,0.8333333333333334,185.593635250918,8.305263157894737,94.29415992812221,4.944444444444445,11.913793103448276,11,1,3.5,16,13.5,3.293103448275862,5.5,1,2.5,4,5.25,10.568965517241379,12.3,6,9.714285714285714,10,12.25,11.120689655172415,9.7,9,10.75,5,11.5
12235,14,21,12,47,26,19,0.875,120.02541208791206,7.479166666666667,173.81640058055143,5.851851851851852,10.344827586206897,6.5,6,3.5,6,8.5,2.310344827586207,2.2,1,1,1,2.5,4.258620689655173,4.3,1,2.3333333333333335,2,5.5,6.810344827586207,3,9,4.5,9,4
12236,5,9,2,32,15,23,0.4583333333333333,87.127659574468,5.21875,336.2590476190476,8.37037037037037,8.241379310344827,13,1,1,16,16,2,1.6,1,1,1,2.5,3.9827586206896552,5.5,1,2,4,4.75,20.086206896551722,16.3,19,19.5,14,17.25
12237,6,5,5,44,12,19,0.9166666666666666,44.66412951552502,5.10752688172043,226.213515456506,6.5,6.172413793103448,7,1,1,21,9.75,,,,,,,6.017241379310345,3.7,5,4.75,5,3.75,20.224137931034484,21.5,16,19.2,20,21.5
12238,9,13,3,46,14,14,0.7708333333333334,180.55501253132832,8.164835164835164,100.57056603773594,6.351851851851852,7.379310344827586,9.5,1,3.5,1,11,2.3620689655172415,2.3,1,1.5,4,2.5,3.5172413793103448,2.5,2,2,2,3.5,8.775862068965518,9.3,6,7.25,5,10
12239,5,3,9,67,22,7,0.8125,136.2355915065723,6.880434782608695,55.32393050625819,5,12.379310344827585,15.5,1,6,16,13.5,2.9655172413793105,2.6,1,1.5,1,3,6.896551724137931,4.1,10,6.285714285714286,11,4.5,16.56896551724138,16.9,15,16.25,17,17.5
12240,8,11,6,45,32,24,0.6458333333333334,90.64382151029747,5.7894736842105265,151.13650075414785,6.425925925925926,9.913793103448276,14.5,1,3.5,21,14.75,2.4655172413793105,3.8,1,1,4,4.5,7.586206896551724,10.9,4,5.6,9,10.75,20.103448275862068,20.7,22,19.4,20,21.5
12241,5,14,5,38,26,17,0.8333333333333334,147.92437836452189,8.063157894736841,34.83333333333337,5.203703703703703,11.293103448275861,13.5,1,6,16,16,2.6724137931034484,1.3,1,2.5,3,2.5,4.086206896551724,4.7,13,5.333333333333333,2,5.5,21.24137931034483,21.5,18,20.5,20,21.5
12242,1,11,5,19,16,10,0.8541666666666666,193.78129638792677,7.933333333333334,96.94415094339627,6.407407407407407,,,15,16.666666666666668,25,32.5,3.6724137931034484,3.5,1,2.5,5,4.5,6.586206896551724,7.7,4,5.5,11,7.5,11.879310344827585,15.3,12,10.25,17,15
12243,8,12,1,,28,32,0.8333333333333334,110.67921440261864,5.702127659574468,203.82791548151158,7.30188679245283,12.60344827586207,10.5,5,4,1,11,2.3448275862068964,3.3,1,1,1,3.5,7.379310344827586,6.7,2,5.4,4,7.25,20.56896551724138,23.3,22,18.571428571428573,22,22.75
12245,6,24,13,65,28,17,0.5416666666666666,103.83093113703956,6.25,270.9309462915601,8.333333333333334,10.775862068965518,11.5,1,8.5,16,12.25,2.2758620689655173,2.2,1,1,1,2.5,7.431034482758621,5,4,8,12,7.25,21.79310344827586,20.2,22,21.2,22,20.75
12247,7,8,6,18,5,5,0.5833333333333334,59.8478260869565,4.925531914893617,276.0974945533768,7.7407407407407405,13.672413793103448,22.5,1,8.5,11,23.5,2.6379310344827585,3.5,1,1,1,3.25,8.948275862068966,12.1,7,10.2,11,12,21.862068965517242,23.1,15,20.166666666666668,24,23
12249,5,9,8,46,17,20,0.8541666666666666,49.110087719298235,4.78125,125.9441049604601,5.611111111111111,14.051724137931034,26.5,1,9.333333333333334,21,26,1.8103448275862069,1.8,1,1,2,2.5,5.224137931034483,5.7,4,4,5,4,13.60344827586207,12.5,11,12,17,12.25
12250,3,8,4,27,,2,0.6041666666666666,91.22617743702074,8.060975609756097,163.6847619047619,7.12962962962963,22.03448275862069,12.1,1,15.5,11,11,3.4482758620689653,4.5,1,2,3,4.5,9,11.8,6,9.8,10,11.75,17.086206896551722,22.4,7,15.5,18,23.5
12251,4,12,6,35,18,13,0.7083333333333334,113.90593129361241,6.833333333333333,136.08270146358666,5.2407407407407405,16.637931034482758,13,,11,16,12.25,3.206896551724138,3.9,1,2.5,4,4.25,7.982758620689655,10.6,5,7,10,12.25,20.689655172413794,23.5,15,21,23,23.25
12252,,15,6,,27,24,0.9791666666666666,147.91201372997716,6.709677419354839,31.69330373658886,4.666666666666667,8.879310344827585,9,1,3.5,16,11,2.2413793103448274,2.2,1,1,1,2.5,4.655172413793103,3.4,4,3,10,5,21.603448275862068,22.5,18,20.5,23,22.5
12253,10,16,9,69,24,24,0.9791666666666666,102.8125,5.947916666666667,53.660377358490564,5.074074074074074,8.931034482758621,7,1,3.5,1,8.5,1.5172413793103448,1.6,1,1,1,2.5,3.0689655172413794,2.6,2,2.6666666666666665,8,2.75,9.344827586206897,20.2,7,7.4,23,21.25
12254,,13,6,,32,16,0.9583333333333334,71.97916666666669,5.479166666666667,336.71296296296293,8.092592592592593,9.741379310344827,7,1,6,16,8.5,2.689655172413793,3.3,1,2,3,3.5,3.6379310344827585,3,1,2.6666666666666665,1,4.5,20.56896551724138,22.7,15,19.833333333333332,22,22.75
12255,10,22,8,63,30,34,0.9375,69.11466965285547,5.031578947368421,338.43873312564915,6.018518518518518,8.931034482758621,9,1,3.5,1,11,2.586206896551724,2.6,2,1.5,1,3,6.672413793103448,3.8,1,4.75,1,11.5,20.551724137931036,14.1,13,20.285714285714285,11,16.5
12256,12,19,9,73,32,37,0.4375,88.22916666666663,5.041666666666667,168.67203184492905,4.648148148148148,11.344827586206897,12.5,10,9.666666666666666,11,11,1.9310344827586208,2.2,1,1,1,2.5,5.258620689655173,4.5,3,3,5,4.5,21.086206896551722,23.8,24,21,22,22.25
12257,11,16,7,74,,23,1,100.25263157894744,5.663157894736842,134.87464387464388,5.981481481481482,10,10.5,1,3.5,11,11,3.0517241379310347,2.6,1,1.5,5,3.25,6.4655172413793105,7.5,4,4,8,7.75,19.5,20.7,17,17.8,23,22
12258,11,21,10,61,26,5,0.8541666666666666,164.3847222222223,7.76595744680851,334.26666666666665,9,10.706896551724139,5.5,1,7.666666666666667,21,13.5,2.2758620689655173,5.7,1,2.5,9,5.75,3.5344827586206895,3.7,1,2.6666666666666665,5,3.5,14.051724137931034,12.7,20,13.666666666666666,14,13.25
12259,4,6,4,13,7,3,0.4166666666666667,97.22907801418438,6.10752688172043,412.2386772106398,8.574074074074074,11.672413793103448,7,6,3.5,1,8.5,2.6379310344827585,3,2,1.5,4,3.5,11.03448275862069,11.7,4,9.6,12,11.5,23.224137931034484,23.5,24,22.25,23,23
12260,9,15,6,50,34,13,0.8333333333333334,94.2185283687943,5.831578947368421,123.99012519837765,5.888888888888889,10.224137931034482,14.5,1,9.333333333333334,31,17.25,2.3448275862068964,1.6,1,1.5,1,3,5.431034482758621,7.1,2,3.5,4,7.5,15.068965517241379,21.6,9,11,23,22.25
12261,9,6,10,62,32,24,0.6041666666666666,60.9326805385557,5.703703703703703,168.97004241781542,7.730769230769231,15.310344827586206,19.5,1,6,16,18.5,2.2758620689655173,1.6,1,1.5,1,2.5,5.793103448275862,9.3,2,3.5,7,9.5,22.189655172413794,19.9,13,20.166666666666668,20,19.5
12262,4,15,6,27,14,7,0.6666666666666666,32.614695340501726,4.451612903225806,189.0244897959185,6.944444444444445,7.551724137931035,9.5,1,1,21,13.5,2.793103448275862,3.4,1,1.5,1,3.25,9.96551724137931,11.3,10,10.5,10,11.25,17.46551724137931,20.5,11,16,17,20.25
12263,10,10,3,30,15,,0.9583333333333334,104.34100274725279,6.705263157894737,196.6515845392929,5.703703703703703,13.810344827586206,21.5,10,8.8,16,21,2.206896551724138,2.2,1,1,1,2.5,3.1551724137931036,2.6,1,2.5,5,3.5,12.706896551724139,16.9,4,14,21,17.5
12264,12,15,10,52,19,32,0.9375,64.72043010752691,5.385416666666667,79.618404390038,6.5,7.206896551724138,11,1,1,16,13.5,2.0689655172413794,3.1,1,1,1,3.5,3.4310344827586206,2.6,2,2,1,3,22.396551724137932,23.7,24,21.6,23,23.5
12266,5,11,9,35,15,22,0.6041666666666666,147.78710644677665,6.588888888888889,270.296048632219,8.037037037037036,8.96551724137931,8,1,3.5,26,11,2.8448275862068964,3.1,1,2,1,3.5,10.10344827586207,6.9,8,10,9,6.75,13.03448275862069,20.9,9,14.333333333333334,16,23
12267,,7,5,28,,21,0.5,64.75554311310191,4.989473684210527,69.67722395292492,4.833333333333333,10.39655172413793,13,1,6,6,17.25,2.1379310344827585,3.1,1,1,2,3,4.844827586206897,3.7,6,3,1,4,,,,,,
12269,3,11,5,15,20,13,0.6041666666666666,,,232.55873190397665,6.622641509433962,13.327586206896552,18.5,1,6,11,18.5,2.706896551724138,2.5,1,1.5,2,3.25,9.948275862068966,12.6,10,10.2,13,12.5,20.24137931034483,23.3,13,20.25,21,23
12270,11,14,9,78,30,32,0.7916666666666666,108.15291091886832,6.170212765957447,163.21558350803627,6.037037037037037,10.224137931034482,6,1,7.666666666666667,31,8.5,2.5172413793103448,2.8,3,2,6,3.25,5.551724137931035,5.1,2,3.6666666666666665,8,5.75,22.82758620689655,23.6,24,22,24,23.5
12271,10,17,12,35,22,19,0.9166666666666666,135.57830551989736,8.505263157894737,172.85563909774442,,7.775862068965517,7,1,1,1,12.25,2.6724137931034484,1.6,1,1.5,1,2.5,5.293103448275862,4.1,4,3,1,4.5,18.25862068965517,19.7,15,15.75,19,19.25
12272,6,14,6,47,19,18,0.9583333333333334,138.94547872340422,6.75,-25.897067065197007,4.055555555555555,10.310344827586206,11.5,11,6,16,12.25,2.0689655172413794,1,1,1.5,1,3,5.724137931034483,3.6,6,3.4,6,3.75,19.79310344827586,22,13,18.166666666666668,23,21.5
12274,4,12,5,42,16,9,0.75,120.49784482758628,7.242105263157895,89.18144947980954,5.462962962962963,13.10344827586207,7,1,9.333333333333334,31,9.75,2.6206896551724137,1.6,2,1.5,1,2.5,8.620689655172415,8.5,10,8.142857142857142,12,9.5,18.53448275862069,23,15,17.833333333333332,24,23.25
12275,8,15,11,45,25,25,0.7708333333333334,97.8528079710145,5.4,48.650997150997114,4.944444444444445,12.89655172413793,15,1,9.333333333333334,16,18.5,3.5517241379310347,4.9,1,3,7,5.75,5.103448275862069,6.4,1,4.333333333333333,12,7,16.413793103448278,6.7,21,22.5,2,13.75
12280,3,15,3,18,,6,0.3541666666666667,113.67518351214005,6.710843373493976,302.12058252427187,7.185185185185185,14.362068965517242,20.5,1,7.666666666666667,11,21,2.586206896551724,3.9,1,1,2,3.25,,,,,,,20.551724137931036,23.3,20,22.25,24,23.25
12282,10,14,7,35,24,21,0.9583333333333334,129.0459224985541,6.90625,44.77777777777783,4.37037037037037,10.431034482758621,9,1,3.5,1,11,2.5689655172413794,4.1,1,1,1,3.75,3.7586206896551726,3.9,1,2.5,6,4.25,10.431034482758621,13.3,9,9.75,13,13.5
12284,13,17,11,33,34,15,0.7291666666666666,74.86458333333331,5.78125,22.106617647058783,6.055555555555555,8.155172413793103,8.5,1,3.5,11,8.5,2.8275862068965516,3.3,1,2,3,3.5,9,9.5,8,8,10,10.5,10.362068965517242,14.1,7,9,13,13.25
12285,6,10,5,16,7,,0.4583333333333333,123.13362169745153,6.063157894736842,85.66705882352937,6.148148148148148,20.24137931034483,17.5,1,9.333333333333334,26,19.75,4.603448275862069,4.7,1,3,8,5.25,8.53448275862069,6.5,3,8.166666666666666,5,9,22.517241379310345,23.1,24,21.8,22,23
12287,10,13,7,54,21,19,0.875,57.57291666666674,4.885416666666667,110.40129280223618,5.925925925925926,8.241379310344827,11,1,3.5,16,13.5,2.2758620689655173,4.5,1,1,5,5,2.3275862068965516,2.2,1,2.5,1,4,15.672413793103448,17.1,9,14.666666666666666,18,17.25
12288,8,13,7,65,22,24,0.9166666666666666,68.83752860411897,5.4,178.48130677847666,5.981481481481482,10.431034482758621,9.5,1,6,1,11,2.5,1.6,1,1,1,2.5,4.775862068965517,4.9,4,3.25,5,4.5,12.5,15.3,11,11.75,17,16.5
12290,6,12,11,72,7,11,0.4791666666666667,111.3422172452407,6.0625,47.644923629829236,4.981481481481482,8.982758620689655,7.5,1,1,16,8.5,4.068965517241379,4.9,1,2.5,1,5.5,2.3793103448275863,3.3,1,1.5,1,3.5,14.431034482758621,22.5,13,15,21,22.5
12291,9,23,13,50,31,37,0.9791666666666666,105.59574468085111,5.24468085106383,95.23663551401864,6.314814814814815,9.275862068965518,8.5,1,3.5,21,9.75,3.7758620689655173,5.9,1,2,4,5.25,3.689655172413793,4.1,1,2.6666666666666665,3,4.25,12.224137931034482,13.3,13,11,9,14
12292,7,13,7,53,20,21,0.7916666666666666,57.67834090365773,4.782608695652174,224.90269042627529,6.425925925925926,13.10344827586207,6,1,6,11,8.5,2.4655172413793105,2.2,1,1.5,2,2.5,4.655172413793103,5.3,4,3.5,9,7.25,7.5344827586206895,10.9,5,4.666666666666667,9,8.5
12293,11,14,10,67,28,17,0.5208333333333334,120.55319148936167,6.021052631578947,197.43351648351643,6.7592592592592595,9.189655172413794,13.5,1,3.5,6,13.5,3.103448275862069,1.6,1,2.6666666666666665,1,2.5,4.224137931034483,4.3,3,3.25,8,5.25,22.310344827586206,23,24,22.5,23,22.75
12294,7,10,6,60,31,11,0.6666666666666666,94.2046398046399,5.96875,355.7904761904763,9.61111111111111,,,1,,,,,,,,,,11.137931034482758,9.9,13,10.4,10,10.25,22.103448275862068,23.8,20,22,24,23.5
12295,7,9,5,32,31,14,0.7916666666666666,108.08098833218946,5.787234042553192,-12.565498652291126,3.9444444444444446,8.793103448275861,7,1,6,6,8.5,3.1379310344827585,4.2,1,1.5,4,3.75,5.362068965517241,5.9,4,4,8,7.5,16.344827586206897,23.3,10,16.2,21,23.25
12296,9,14,5,34,9,14,0.7083333333333334,72.03125,5.697916666666667,222.32075471698124,5.907407407407407,10.172413793103448,11,1,6,6,13.5,1.7241379310344827,1.6,1,1,1,2.5,5.017241379310345,8.5,1,3.6666666666666665,9,8.5,9.327586206896552,8.1,5,7.8,9,7.5
12298,9,15,10,61,14,22,0.7708333333333334,105.4552631578947,6.072916666666667,122.72750362844693,5.944444444444445,12.206896551724139,13.5,1,6,1,16,2.2241379310344827,2.6,1,1.5,1,3,1.8275862068965518,2.2,1,1,1,2.5,7.396551724137931,6.9,2,6,9,7.25
12300,11,13,7,42,16,27,0.8958333333333334,71.3111559139785,5.042105263157895,158.51689320388357,6.796296296296297,11.775862068965518,17.5,1,7.666666666666667,26,17.25,2.2413793103448274,2.3,1,1,5,2.75,6.637931034482759,6.7,8,5,8,6.5,21.948275862068964,19.5,20,22,16,21.25
12301,5,11,6,21,20,26,0.8125,,,259.0807127882599,6.962962962962963,10.60344827586207,4,11,6,1,8.5,2.189655172413793,1,1,1,1,3.5,10.620689655172415,8.9,10,10.166666666666666,9,8.5,11.706896551724139,20.7,10,9.666666666666666,23,21.75
12302,10,6,5,45,15,19,0.5416666666666666,123.98511904761904,7.8125,241.37200325071103,8.814814814814815,13.310344827586206,10,5,5.75,11,13.5,3.913793103448276,4.6,1,3,4,5.75,8.344827586206897,11.9,4,8.166666666666666,10,12,9.586206896551724,15.1,8,10,14,14.75
12303,5,15,9,31,20,24,0.9166666666666666,98.168458781362,6.351063829787234,131.21586952538019,6.518518518518518,9.689655172413794,7,10,5.5,6,8.5,2.3275862068965516,1.9,1,1.5,3,2.5,3.9482758620689653,3,5,2.75,4,3.5,14.155172413793103,18.5,8,14.333333333333334,21,19.75
12304,13,22,13,72,38,43,0.9583333333333334,84.30681818181819,7.083333333333333,117.53852201257871,6.666666666666667,10.775862068965518,11,1,6,1,13.5,2.293103448275862,2.2,1,1,5,2.75,2.689655172413793,2.4,1,1.5,2,2.5,6.758620689655173,4,5,5.5,6,6.75
12305,12,11,9,59,14,12,0.4583333333333333,45.794547872340445,4.329787234042553,212.0925925925926,6.351851851851852,8.758620689655173,9,1,1,16,11,3.0172413793103448,2.2,2,2,3,2.5,7.827586206896552,9.4,6,7,4,11.5,21.017241379310345,22.4,15,20.285714285714285,24,23
12306,6,14,7,32,20,18,0.9166666666666666,72.26111111111112,6.333333333333333,239.78301886792462,7.111111111111111,11.344827586206897,8.5,1,9.333333333333334,21,9.75,2.9827586206896552,3.7,1,2,3,3.5,5.586206896551724,4.6,7,4,13,6.5,16.25862068965517,12.9,14,12.5,11,13
12307,10,13,6,55,25,20,0.5833333333333334,72.13552631578943,5.458333333333333,165.37351502445836,6.277777777777778,16.03448275862069,21.5,1,8.5,6,23.5,2.5517241379310347,2.9,1,1.5,3,2.5,3.8275862068965516,3.9,2,2.3333333333333335,6,5,20.086206896551722,22.7,13,18.857142857142858,22,22.25
12308,3,10,5,31,24,15,0.5208333333333334,164.6075738125802,8.563829787234043,107.16701607267646,5.388888888888889,9.224137931034482,7,1,3.5,16,8.5,3.293103448275862,2.2,3,2,1,2.5,4.758620689655173,2.8,6,4,3,3.5,21.56896551724138,21.7,24,21,23,22
12309,5,8,6,58,19,15,0.5,179.88125000000002,7.505376344086022,85.6388888888888,5.055555555555555,8.155172413793103,12.5,1,3.5,11,13.5,2.8793103448275863,2.9,1,2,3,3,4.982758620689655,3.7,4,3,5,3.75,22.655172413793103,23.4,20,22.25,22,23
12310,8,15,7,66,24,24,0.8958333333333334,187.66380494505495,7.91578947368421,171.94603174603174,5.611111111111111,12.724137931034482,16.5,1,8.5,21,18.5,3.2758620689655173,3.5,2,2.5,2,3.5,4.689655172413793,6.1,3,3.4,7,5.5,17.396551724137932,17.5,11,15,12,20.5
12311,7,12,4,54,24,28,0.75,108.936170212766,5.78125,252.22067268252658,8.648148148148149,12.948275862068966,7,11,6,21,9.75,2.6724137931034484,2.1,1,1,2,2.5,3.9482758620689653,6.1,1,2.5,7,5.75,18.20689655172414,23.8,9,18,24,23.5
12313,7,14,7,63,36,22,0.6875,36.853932584269614,5.08421052631579,207.59905660377353,6.462962962962963,10.448275862068966,9.5,1,3.5,31,14.75,3.189655172413793,3.5,1,2.3333333333333335,6,3.75,3.3275862068965516,2.2,1,2,5,2.75,18.517241379310345,16.9,24,24,15,18.75
12314,5,5,3,34,15,13,1,,9.727272727272727,125.6730926989336,7.444444444444445,8.672413793103448,12,1,6,6,13.5,2.4310344827586206,2.2,1,1.5,1,3,3.603448275862069,3.1,1,2.5,1,6.25,8.275862068965518,8.7,6,7,10,9.5
12316,14,16,7,64,41,34,0.9791666666666666,51.48673245614032,4.708333333333333,51.33823529411768,5.62962962962963,12.637931034482758,13.5,1,6,6,13.5,2.9310344827586206,2.2,1,2.6666666666666665,1,2.5,3.7241379310344827,3.9,1,2,2,4,8.620689655172415,11.7,9,10.333333333333334,7,12.75
12317,10,16,12,74,32,24,1,80.77501445922496,6.53125,135.09433962264143,6.037037037037037,9.620689655172415,9.5,1,3.5,1,13.5,2.2241379310344827,1.7,1,1,4,2.5,6.258620689655173,11.7,3,5,9,12,6.413793103448276,2.4,7,4,2,2.5
12318,11,12,12,58,32,36,0.9583333333333334,95.11607142857139,7.677083333333333,104.87471994025395,5.814814814814815,9.482758620689655,12.5,1,3.5,11,13.5,2.206896551724138,1.6,1,2,1,3.5,3.9655172413793105,3.9,2,2.5,6,4.5,20.275862068965516,20.8,23,20.833333333333332,17,18.5
12319,10,13,7,66,36,23,0.8125,75.66558908045982,7,8.15782312925171,5.648148148148148,10.862068965517242,15.5,1,6,26,17.25,2.293103448275862,2.3,1,1.5,1,3,3.8620689655172415,3.9,1,2.5,6,3.75,10.155172413793103,5.7,12,8.5,9,6.75
12320,13,21,8,75,31,32,0.8958333333333334,106.06598754951892,6.1875,-35.756304002821366,3.8518518518518516,10,13.5,1,1,6,13.5,2.1724137931034484,1.7,1,1,4,2.5,2.6206896551724137,3.5,1,1.5,4,4,5.655172413793103,5.5,3,3.75,6,5
12321,13,18,14,47,33,25,0.7291666666666666,88.40535714285716,5.698795180722891,103.90724739904783,5.518518518518518,17.982758620689655,21.5,1,8.5,6,24.75,2.706896551724138,2.6,2,1.5,1,3,6.913793103448276,4.9,7,5.5,5,5,20.75862068965517,23.7,13,19.142857142857142,23,23.5
12322,8,12,6,59,15,23,0.5416666666666666,166.95002891845002,7.578947368421052,299.0462962962963,7.018518518518518,11.913793103448276,4.5,1,6,1,13.5,2.5344827586206895,3.3,1,1.5,3,3.5,9.568965517241379,10.9,8,8.6,11,10.5,20.46551724137931,15.7,20,19.833333333333332,24,16.5
12323,6,17,6,47,20,19,0.4583333333333333,146.07163120567373,6.108695652173913,180.89814814814815,5.814814814814815,13.758620689655173,4,1,8.5,1,16,2.1379310344827585,2.6,1,1,4,3,2.7758620689655173,3.5,1,1,1,3.25,13.224137931034482,22.3,11,13.2,19,16
12324,15,19,13,66,29,37,0.9791666666666666,69.61928763440858,5.75,30.88459383753502,5.111111111111111,8.620689655172415,9.5,1,1,6,8.5,2.396551724137931,2.5,1,1.5,3,2.5,3.810344827586207,3.2,1,3,3,3.75,3.8275862068965516,4.9,2,2.75,3,5.5
12326,6,14,6,50,22,21,0.8125,67.53214118747076,5.01063829787234,86.8905723905724,4.222222222222222,19.79310344827586,32.5,5,12.6,31,33.5,3.7241379310344827,2.2,1,2.6666666666666665,6,3,5.586206896551724,2,3,5.75,1,8,20.67241379310345,24,15,18.833333333333332,23,20
12328,13,15,7,51,29,19,0.875,52.583333333333314,4.708333333333333,218.9763710104039,6.7592592592592595,7.724137931034483,4.5,1,3.5,1,8.5,2.586206896551724,1.9,1,1.5,3,2.5,8.517241379310345,5.5,6,7.142857142857143,6,6.75,13.810344827586206,14.5,12,13.666666666666666,9,17
12329,8,13,6,50,22,19,0.6875,125.98068965517234,6.870588235294117,195.10285714285715,7.407407407407407,6.948275862068965,6.5,1,1,6,8.5,1.7241379310344827,1.6,1,1,1,2.5,3.396551724137931,4.9,1,2,5,5.25,13.741379310344827,15.3,13,13.2,17,15
12330,10,16,12,65,20,23,0.625,59.16842105263157,5.229166666666667,138.48441345365052,7.851851851851852,11,12.5,1,3.5,1,13.5,2.310344827586207,3.9,1,1,1,4.5,4.810344827586207,7.3,2,2.5,5,6.75,19,9.9,18,21.2,8,12.5
12332,6,13,3,8,,8,0.6875,96.8084239130435,5.351063829787234,218.87622005323874,5.1020408163265305,19.25862068965517,9,1,9.333333333333334,16,18.5,4.189655172413793,2.9,1,2,5,3.25,8.948275862068966,9.9,11,7.833333333333333,12,10.25,22.25862068965517,23.6,17,21.166666666666668,21,23.5
12333,12,11,6,60,24,14,0.875,40.84565217391298,4.6947368421052635,143.55769230769226,6.277777777777778,15.310344827586206,9,1,8.5,21,13.5,2.9827586206896552,5.1,1,1.5,2,4.75,5.603448275862069,4.1,6,3.6666666666666665,5,4,15.327586206896552,7.1,11,13.5,6,7
12337,12,14,11,55,31,29,0.9166666666666666,71.57906055461228,5.385416666666667,210.43098490294744,6.796296296296297,8.637931034482758,4,1,3.5,1,8.5,2.5172413793103448,3.1,1,1,1,3.25,5.068965517241379,6.7,4,3,6,6.5,16.5,21.5,14,20.2,24,22.25
12339,5,,6,67,29,,0.8125,118.03180531975102,5.894736842105263,339.06834112149534,8.74074074074074,13.155172413793103,19.5,1,6,6,19.75,1.9482758620689655,2.3,2,1.5,1,2.5,4.086206896551724,5.9,1,3,10,7.5,22.275862068965516,22.5,22,21.5,24,23
12341,9,17,9,60,22,24,0.8125,111.27368421052631,5.968421052631579,136.99703004891683,5.722222222222222,10.172413793103448,14.5,1,6,31,23.5,2.310344827586207,2.3,1,1.5,1,2.5,3.2758620689655173,3.9,1,2,4,3.75,21.051724137931036,23.6,15,20.142857142857142,24,23
12342,6,12,4,32,6,13,0.6875,180.6513006654567,7.763440860215054,-8.254716981132106,4.481481481481482,12.155172413793103,13,1,7.666666666666667,1,12.25,3.7758620689655173,3.3,2,2.3333333333333335,3,3,3,2.1,1,2.3333333333333335,4,3.25,20.086206896551722,19.5,15,18.25,18,19.5
12343,6,6,4,12,13,23,0.6666666666666666,115.88297872340422,5.827956989247312,108.56481481481478,5.148148148148148,11.03448275862069,8.5,1,3.5,11,8.5,2.2758620689655173,1,1,1.5,1,3,3.6379310344827585,6.3,2,2.5,6,5.5,18.74137931034483,16.5,22,18.8,21,17.75
12344,13,12,12,72,54,33,0.9583333333333334,65.21782296650719,6.59375,82.98076923076917,5.5,11.724137931034482,13.5,11,6,6,13.5,3.1724137931034484,2.2,3,2,3,2.5,3.810344827586207,2.2,2,2.5,1,2.5,8.568965517241379,12.1,4,8,13,12.5
12345,13,18,14,66,32,45,0.9166666666666666,85.88134057971018,6.5625,52.55968795355591,4.7407407407407405,10.517241379310345,13.5,1,3.5,6,13.5,3.413793103448276,3.5,1,2,2,3.5,3.206896551724138,3.5,2,2,2,3.5,8.068965517241379,3.9,13,6.8,2,3.25
12346,11,22,12,69,40,31,0.875,43.38627002288331,4.553191489361702,84.47173043974874,5.226415094339623,9.017241379310345,8,1,3.5,6,8.5,1.6724137931034482,1.6,1,1,1,2.5,4.396551724137931,3.5,1,2.5,4,3.75,3.7413793103448274,6.1,1,3.3333333333333335,5,6
12348,14,21,10,71,36,29,0.8958333333333334,104.57560483870964,6.21875,144.7770854967116,5.814814814814815,8.793103448275861,6.5,1,6,6,8.5,1.9827586206896552,1.9,1,1,3,2.5,5.086206896551724,6.5,4,3,9,7.5,6.982758620689655,6.1,7,5.333333333333333,5,6
12349,11,10,6,60,15,17,0.5625,102.53209290709287,6.88421052631579,146.85470588235296,6.277777777777778,20.362068965517242,21.5,1,18.5,16,28.5,5.672413793103448,1.7,,,1,5.75,6.913793103448276,9.5,1,6.25,10,9,19.79310344827586,22.9,22,18.428571428571427,22,23.25
12351,7,10,9,32,18,17,0.7708333333333334,41.915124884366264,4.333333333333333,129.65967854647113,5.055555555555555,14.448275862068966,17,1,11,36,24.75,3.2758620689655173,3.1,1,2.6666666666666665,5,3.75,5.293103448275862,3.8,3,4.75,12,3.5,7.741379310344827,5.7,3,5.666666666666667,9,5.75
12352,4,14,5,66,16,18,0.6458333333333334,53.84042553191489,4.747368421052632,212.84817492505738,6.7407407407407405,9.793103448275861,7,1,3.5,16,8.5,2.3620689655172415,2.2,1,1,4,2.5,7.568965517241379,8.9,1,7.6,7,8.5,21.396551724137932,23.1,18,20.714285714285715,23,23
12353,8,10,5,19,12,6,0.7708333333333334,126.60508964719486,5.580645161290323,283.4671698113208,7.666666666666667,11.051724137931034,15,1,6,1,21,3.0344827586206895,2.6,1,2.3333333333333335,4,3,9.931034482758621,4.5,9,9.833333333333334,7,5,22.79310344827586,23.2,20,21.5,21,23.5
12354,8,12,7,20,11,3,0.7708333333333334,147.42972699696668,6.382022471910112,196.36166460941627,5.277777777777778,14.327586206896552,23.5,5,5.333333333333333,16,17.25,2.793103448275862,3.3,1,2.5,1,3.5,6.637931034482759,7.9,12,6.75,8,9,14.741379310344827,11.3,15,11.5,19,11.25
12355,2,6,4,40,18,6,0.6666666666666666,138.3868421052632,6.8936170212765955,317.2307692307693,7.12962962962963,16.775862068965516,10.5,6,11,26,16,,,,,9,6.75,7,11,7,6.166666666666667,10,11.75,22.017241379310345,20.7,24,21.166666666666668,22,21.5
12358,7,11,7,35,16,20,0.9791666666666666,39.474840948525184,4.926315789473684,148.3681890319168,6.2592592592592595,11.551724137931034,17.5,1,7.666666666666667,6,14.75,2.9482758620689653,2.6,2,2,4,3,4.103448275862069,3.3,1,3,7,3.75,22.275862068965516,20.4,24,22,15,23.5
12359,5,6,8,29,13,14,0.7708333333333334,84.85483476132191,6.872340425531915,126.94117647058829,6.092592592592593,13.5,14.5,1,6,11,13.5,2.9482758620689653,3.7,1,2,1,4,8.46551724137931,11.2,1,7.6,12,11.5,22.67241379310345,23.7,20,22,24,23.5
12360,3,6,3,44,37,20,0.5,81.8735987188287,4.914893617021277,-12.569922308546097,4.666666666666667,10.568965517241379,14.5,1,8.5,11,13.5,2.1551724137931036,1.6,1,1,4,2.5,,,,,,,19.551724137931036,22.2,19,18.571428571428573,23,23.25
12361,13,19,9,53,31,36,0.9791666666666666,58.320614035087715,4.895833333333333,116.83754578754588,6.018518518518518,7.241379310344827,7,1,1,11,8.5,1.9655172413793103,1.6,1,1,1,3.5,3.5172413793103448,1.9,1,2,1,2.5,10.775862068965518,8.5,9,8.666666666666666,5,10
12362,6,14,5,62,28,21,0.8333333333333334,180.71729323308273,7,121.77777777777783,5.425925925925926,17.655172413793103,14.5,5,8.25,31,14.75,2.8275862068965516,3.1,1,1.5,2,3,5.155172413793103,5.7,4,4.5,3,5.75,19.93103448275862,15.7,24,19.5,21,15.5
12363,7,12,5,30,7,0,0.875,113.3682487725041,7.056818181818182,,,13.844827586206897,31.5,6,9.333333333333334,26,31,3.3448275862068964,3.5,1,2,2,3.5,8.96551724137931,10.6,4,8.4,12,10.5,21.620689655172413,21.6,24,20.833333333333332,17,23
12365,4,9,,33,13,3,0.5,90.05159002516586,5.159574468085107,-20.797720797720785,3.8333333333333335,14.655172413793103,12.5,1,8.5,11,13.5,3.206896551724138,4.5,1,1.5,9,5.75,10.137931034482758,10.5,13,10,11,11,14.293103448275861,13.5,9,13,8,23.25
12366,9,14,10,43,34,32,1,43.72313596491233,4.510416666666667,113.21296296296305,5.37037037037037,8.413793103448276,4.5,1,3.5,1,8.5,1.603448275862069,2.1,1,1,2,2.5,2.5517241379310347,2.5,1,1,3,2.5,9.517241379310345,4.7,11,7.75,6,4.25
12367,6,17,4,42,24,,0.7083333333333334,80.648275862069,5.604395604395604,178.6588679245283,7.037037037037037,10.827586206896552,20.5,1,3.5,21,23.5,1.8620689655172413,2.1,1,1,2,2.5,10.344827586206897,10.1,9,9.666666666666666,7,10.75,13.810344827586206,16.1,12,13.5,21,16.25
12369,13,16,6,42,24,22,0.8541666666666666,104.551079317269,6.924731182795699,15.759139375476025,4.685185185185185,12.672413793103448,4.5,11,8.5,16,11,2.8275862068965516,3,1,2,4,3.5,4.931034482758621,7.9,3,3,6,7.25,12.862068965517242,18.5,1,10.333333333333334,15,18.75
12370,5,15,6,50,21,21,0.8333333333333334,63.59527706336223,4.75,226.28994994224104,7.574074074074074,10.913793103448276,21.5,1,9.333333333333334,26,21,2.7413793103448274,2.9,1,2,3,3,4.206896551724138,7.1,1,3,4,7.5,20.46551724137931,18.9,18,19.75,24,20
12371,13,19,13,41,14,23,0.8541666666666666,107.65076754385967,9.354166666666666,221.6437689969605,8.555555555555555,7.931034482758621,8.5,1,1,11,8.5,3,2.7,1,2,1,3,4.9655172413793105,6.1,1,3.8,7,6.5,11.879310344827585,14.1,9,8.666666666666666,13,13.5
12373,12,18,7,67,23,30,0.8541666666666666,112.47159090909088,6.382978723404255,91.59829059829065,5.722222222222222,9.448275862068966,7,1,3.5,1,8.5,2.6551724137931036,3.1,1,2,1,3.5,3.189655172413793,3.6,1,2.5,6,4,20.06896551724138,22.4,24,19.142857142857142,23,20.5
12374,9,13,6,76,43,39,1,58.85241228070174,4.760416666666667,265.24178895877003,5.518518518518518,10.051724137931034,15.5,1,3.5,26,14.75,2.206896551724138,1.9,1,1,1,2.5,5.896551724137931,4.7,5,3.8,6,5.75,22.82758620689655,23.2,19,21.8,24,23
12376,6,15,10,35,5,21,0.8333333333333334,131.18130081300808,7.663043478260869,391.82407407407413,7.7407407407407405,14.706896551724139,15.5,1,12.666666666666666,6,12.25,2.5,3.3,1,1,3,3.5,6.672413793103448,8.3,6,5.5,8,8,22.43103448275862,23.4,15,20.8,24,23
12377,1,7,4,18,,5,0.3333333333333333,,,110.43969144460016,5.830188679245283,24.310344827586206,,,13.5,25,34,5.775862068965517,,,4,,,11.586206896551724,11.8,10,10.4,10,11.75,22.896551724137932,23.3,19,21.8,23,23
12378,15,21,15,68,37,37,0.8125,66.23941889727746,5.552083333333333,53.9162383399962,5.425925925925926,10.051724137931034,13.5,1,3.5,6,13.5,2.5689655172413794,2.2,1,2,3,2.5,4.568965517241379,5.3,1,2.5,9,5.25,14.568965517241379,15.3,15,13,21,15.25
12380,14,19,7,42,13,16,1,41.71014492753625,5.09375,101.25524475524469,8.018518518518519,8.362068965517242,7,1,3.5,16,8.5,2.586206896551724,1.9,2,1.5,4,2.5,4.172413793103448,2.2,3,2,1,2.5,4.758620689655173,4.5,1,2.5,3,4.5
12381,7,16,9,55,16,11,0.8125,108.37441479400752,5.978260869565218,193.569451931716,6,16.086206896551722,19,1,3.5,1,24.75,3.7758620689655173,2.9,1,2.3333333333333335,3,3,7.862068965517241,9.9,6,7,12,10.5,21.56896551724138,23.8,12,19,24,23.5
12382,7,,9,45,18,18,0.9375,120.97425093632955,6.271739130434782,448.0743831640058,8.30188679245283,8.586206896551724,14.5,1,3.5,21,16,1.9137931034482758,2.1,1,1,2,2.5,3.3793103448275863,3.7,4,2.5,3,4.25,12.913793103448276,11.3,12,11.5,13,11.75
12383,3,10,3,21,,6,0.625,33.96494960806274,4.361702127659575,226.12255334156237,6.666666666666667,11.258620689655173,12.5,1,6,11,13.5,3.4310344827586206,3.8,1,2,4,4.5,10.344827586206897,11.7,13,10.6,11,11.75,21.896551724137932,23.3,19,20.833333333333332,24,23.25
12384,6,11,8,54,26,25,0.5,144.42397567221508,8.816091954022989,168.31142568250743,7.9411764705882355,8.155172413793103,6.5,1,1,6,8.5,2.5517241379310347,2.1,1,1.5,2,2.5,4.327586206896552,4.9,1,2.5,5,5,15.224137931034482,15.1,15,13,14,15.75
12385,6,12,7,60,31,21,0.5208333333333334,86.84424271380794,5.376344086021505,109.06736025392343,5.7592592592592595,8.931034482758621,4,1,3.5,16,9.75,1.7241379310344827,1.3,1,1,1,2.5,3.9482758620689653,3.4,1,2.3333333333333335,5,4.75,23.29310344827586,23.6,22,22.5,23,23.25
12386,10,17,8,44,14,38,0.8958333333333334,193.02173913043475,7.276595744680851,240.51636503658062,8.018518518518519,10.275862068965518,9.5,1,3.5,6,8.5,2.206896551724138,2.5,1,1,1,2.5,6.5,7.3,7,4.333333333333333,9,7.25,19.517241379310345,22.5,21,20.666666666666668,20,22.75
12387,5,9,6,46,21,21,0.875,168.2484042553191,7.27906976744186,289.77122641509436,8.87037037037037,16.82758620689655,19.5,1,6,26,18.5,3,2.6,2,2.3333333333333335,6,3.25,8.275862068965518,11.4,4,8.166666666666666,10,11.25,22.03448275862069,22.8,24,20.833333333333332,24,22.75
12390,14,21,13,72,44,27,0.9791666666666666,44.657346491228054,5.010416666666667,434.8057302585604,8.092592592592593,7.206896551724138,5.5,1,3.5,1,8.5,2.5,3.1,1,1,1,3.5,3.310344827586207,2.1,2,2.3333333333333335,2,2.5,6.551724137931035,5.1,7,4.75,6,5.25
12391,10,21,9,61,24,20,0.8333333333333334,104.04664855072457,6.458333333333333,185.92600334448161,8.074074074074074,9.051724137931034,7,1,3.5,1,8.5,1.8448275862068966,1.9,1,1,3,2.5,3.4827586206896552,3.2,4,2.5,6,3.75,7.017241379310345,5.9,9,7,8,7.75
12392,14,22,12,56,33,23,0.9583333333333334,66.48387458006721,5.364583333333333,168.31592450064136,6.5,7.586206896551724,7.5,1,3.5,11,11,2,1.7,1,1,4,2.5,3.4482758620689653,5.3,1,2.3333333333333335,3,5.5,4.241379310344827,5.5,1,2.6666666666666665,6,6
12395,11,14,8,48,11,21,0.9375,59.22659875495191,5.65625,283.88571428571424,7.462962962962963,7.0344827586206895,9,1,1,1,11,1.7758620689655173,1.5,1,1,2,2.5,4.827586206896552,2.7,1,3.3333333333333335,3,3.5,14.775862068965518,19.7,15,13,17,19.25
12396,8,11,6,53,23,24,0.8125,178.73472222222222,6.913978494623656,309.568376068376,6.203703703703703,9.362068965517242,14,1,3.5,6,12.25,2.7758620689655173,4.1,1,1.5,3,3.75,5.982758620689655,5.7,2,4.75,3,6,,,,,,
12399,6,15,9,52,12,13,0.75,55.51041666666663,4.677083333333333,136.61460517120895,5.444444444444445,10.051724137931034,10,1,3.5,11,12.25,2.689655172413793,2.5,2,1.5,1,2.5,6.189655172413793,10.7,1,5.2,9,10.75,19.06896551724138,23.1,11,17.714285714285715,21,23
12400,4,8,6,19,27,25,0.4583333333333333,243.00437062937067,7.945054945054945,47.079894822006395,6.018518518518518,14.155172413793103,7,1,8.5,1,11,2.1379310344827585,2.6,2,1.5,5,3.5,3.9827586206896552,3,1,3.25,5,4.75,20.810344827586206,20.9,20,20.25,16,22
12401,7,10,5,10,11,13,0.8125,113.64638519375359,6.541666666666667,203.48078266946186,6.611111111111111,10.39655172413793,13.5,1,3.5,6,13.5,2.2241379310344827,1.9,1,1.5,3,2.5,2.413793103448276,1.6,1,1.5,4,2.75,20.482758620689655,22.6,13,20.166666666666668,24,21.75
12402,14,23,13,58,29,23,1,67.09596631205682,5.252631578947368,114.22578347578349,6.12962962962963,10.448275862068966,7.5,15,8.25,11,11,2.6551724137931036,2.7,1,1.5,1,3,6.362068965517241,3.4,7,4.25,4,3.25,11.189655172413794,10.9,11,9,9,11
12403,10,16,11,57,41,34,0.9583333333333334,88.54804769698393,6.541666666666667,41.76689432063256,5.2592592592592595,7.293103448275862,8.5,1,1,11,8.5,2.2413793103448274,1.7,1,1,4,2.5,5.9655172413793105,3.4,3,4,5,6.25,5.448275862068965,9.1,3,5,6,8.75
12404,6,7,7,54,22,30,0.6041666666666666,116.03125,6.083333333333333,99.70877009084552,5.351851851851852,10.224137931034482,11.5,1,6,6,11,2.0344827586206895,1.9,1,1,3,2.5,6.862068965517241,5.5,9,6.333333333333333,6,5.5,20.810344827586206,23.3,24,21.5,21,23.5
12405,3,8,4,17,9,5,0.5833333333333334,205.41835724888676,7.7,430.6404761904763,,16.32758620689655,15,5,7.8,16,14.75,3.189655172413793,3.4,,2.6666666666666665,1,3.25,7.379310344827586,11.5,2,5.666666666666667,11,11.25,23.103448275862068,23.4,24,22.5,24,23.25
12406,13,19,13,63,15,24,0.9583333333333334,53.09375,4.541666666666667,14.820842884852823,4.592592592592593,5.913793103448276,3,1,1,11,8.5,1.9310344827586208,3.5,1,1,1,4,2.4827586206896552,1.4,1,1.5,3,2.5,5.948275862068965,5.3,6,4.25,5,5.75
12407,5,11,,46,21,16,0.8958333333333334,54.74829381145173,4.849462365591398,14.942307692307622,4.481481481481482,10.137931034482758,7.5,6,3.5,1,8.5,1.7758620689655173,2,1,1,3,2.5,4.120689655172414,5.1,4,2.5,2,5.25,16.155172413793103,19.3,11,15,21,19.75
12408,5,14,8,50,6,13,0.8333333333333334,144.4888374783112,7.042105263157895,115.79664570230614,5.12962962962963,13.672413793103448,14,1,9.333333333333334,26,14.75,1.9137931034482758,2.7,1,1,2,2.5,3.6551724137931036,6.9,1,2.75,3,7.5,16.224137931034484,10.1,22,16.5,7,10.5
12409,12,19,10,34,20,17,1,75.3315602836879,6.010416666666667,212.56862745098033,7.62962962962963,12.155172413793103,13,1,6,16,16,2.4310344827586206,1.7,1,1.5,1,2.5,8.517241379310345,9.1,4,6.833333333333333,9,9.75,8.086206896551724,8.1,10,6.4,9,8.25
12410,5,12,6,69,17,,0.7708333333333334,83.83436027546202,5.6947368421052635,158.46362470221732,6.611111111111111,9.275862068965518,10.5,1,1,1,11,3.189655172413793,3.7,1,2,3,4,7.120689655172414,3.7,3,4.6,5,4,12.844827586206897,8.5,11,10.5,9,9
12411,8,15,10,55,15,19,0.8125,99.31519607843131,6.34065934065934,277.4947980955741,7.2592592592592595,10.310344827586206,7.5,1,1,1,8.5,2.8620689655172415,3.8,1,2,1,5,7.5344827586206895,6.9,6,7.666666666666667,7,7.5,15.931034482758621,21.2,5,16.166666666666668,23,20.75
12414,6,17,10,69,23,26,0.9166666666666666,81.64713958810069,5.768421052631579,152.2602444284688,6.518518518518518,9.620689655172415,9,6,6,21,13.5,,,,,,,3.689655172413793,5.3,1,2,5,5,,,,,,
12415,7,16,3,41,30,26,0.9583333333333334,71.05784574468089,4.936842105263158,174.36408106219437,6.277777777777778,9.448275862068966,4.5,1,3.5,16,9.75,2.6206896551724137,4.1,1,1,3,4.5,4.862068965517241,3.2,2,3.75,10,3.75,19.913793103448278,20.9,13,19,16,23
12416,6,19,,41,16,14,0.9375,77.39078014184389,6.583333333333333,153.19048574869532,7.574074074074074,6.862068965517241,7,1,3.5,1,8.5,,,,,,,4.862068965517241,4.1,5,2.75,3,4,11.655172413793103,18.1,6,11.5,13,20.5
12417,5,11,4,40,27,6,0.4583333333333333,69.04171988080031,6.588888888888889,72.18131868131854,5.851851851851852,16.862068965517242,30.5,1,9.333333333333334,21,33.5,5.293103448275862,3,1,3.8,3,3.5,11.448275862068966,11.6,13,10.5,13,12.5,19.29310344827586,23.7,10,19.25,23,23.5
12418,7,10,7,10,6,19,0.75,113.08333333333337,6.24468085106383,123.49475890985332,6.074074074074074,12.327586206896552,12.5,1,9.333333333333334,21,14.75,2.9310344827586206,5.7,1,2,1,7,9.310344827586206,11.2,5,7.8,13,12.25,22.551724137931036,23.4,24,21.166666666666668,24,23.5
12419,13,18,,69,51,44,1,67.1570692883895,6.395833333333333,151.51779295470885,6.666666666666667,7.551724137931035,8.5,1,1,1,8.5,2.2758620689655173,1.3,1,1,3,3.5,2.706896551724138,1.7,2,1.5,1,2.5,13.46551724137931,13.7,9,11.333333333333334,9,13.75
12420,10,16,11,59,30,18,0.9166666666666666,67.62785087719294,5.010416666666667,257.4492997198879,7.185185185185185,14.189655172413794,5.5,1,7.666666666666667,11,8.5,3.2413793103448274,4.5,1,2,5,4,5.275862068965517,1.9,4,3.5,3,2.5,10.775862068965518,10.9,3,9.333333333333334,17,11
12421,9,17,,67,26,31,0.8333333333333334,132.4928604868914,7.885416666666667,159.41496598639458,7.055555555555555,8.758620689655173,5.5,1,1,1,8.5,2.793103448275862,3.4,1,1.5,1,3.75,6.551724137931035,5.3,8,4,3,5.5,8.689655172413794,13.1,1,6.5,10,14
12422,9,19,10,38,22,16,0.6666666666666666,138.89847512038523,7.142857142857143,13.33697760536063,4.555555555555555,8.931034482758621,10.5,1,3.5,1,11,3.0689655172413794,2.2,3,2,1,3.5,7.120689655172414,9.9,1,5,6,10.5,21.810344827586206,23.1,24,21.25,24,23
12426,10,17,6,36,21,22,0.625,44.35789473684213,4.427083333333333,32.58563134978226,4.87037037037037,11.258620689655173,14.5,1,6,11,13.5,2.310344827586207,2,1,1.5,1,4,8,5.5,9,6.5,8,5.75,20.155172413793103,17.9,17,19.8,18,17.5
12427,5,18,5,48,12,14,0.7083333333333334,148.21543062200953,7.602150537634409,500.63141025641016,9.537037037037036,10.741379310344827,14.5,1,3.5,11,12.25,2.1206896551724137,2.2,1,1,2,2.5,5.758620689655173,5.1,4,4.5,8,5.5,21.775862068965516,21.8,19,21,24,23
12429,15,18,14,73,31,29,0.9166666666666666,110.49324633699638,6.864583333333333,102.54240221529938,5.333333333333333,10.224137931034482,18.5,1,3.5,11,18.5,1.9827586206896552,2.8,1,1,2,3,3.9827586206896552,2,3,2,5,3.5,5.879310344827586,5.9,5,3.3333333333333335,8,6.25
12430,10,16,,56,22,21,0.8333333333333334,101.94858156028363,5.757894736842105,191.4584206848358,5.981481481481482,12.551724137931034,10.5,5,7,26,14.75,2.0689655172413794,1.6,1,1,1,2.5,3.9827586206896552,3.4,2,3,6,4.75,14.017241379310345,13.3,9,12.2,13,14.5
12431,5,9,5,27,11,12,0.5833333333333334,143.15730994152057,6.698924731182796,270.92662473794553,7.518518518518518,12.379310344827585,9.5,1,6,1,13.5,2.4827586206896552,1.7,1,1.5,1,2.5,7.431034482758621,4.7,10,6.4,4,5.25,12.568965517241379,10.5,11,12.2,17,12.75
12432,12,,11,44,28,,0.8541666666666666,76.46276595744678,5.520833333333333,96.57549857549861,5.981481481481482,9.448275862068966,13,1,1,1,17.25,1.9137931034482758,2.4,1,1,2,2.5,5.275862068965517,7.3,6,3.2,5,8,10.568965517241379,5.3,7,7,5,5.5
12433,7,17,8,46,26,13,0.6875,130.06967500584517,6.531914893617022,166.92217828900073,6.481481481481482,11.206896551724139,9.5,1,7.666666666666667,26,11,2.2586206896551726,2.5,1,1.5,1,2.5,4.189655172413793,3.5,4,2.5,4,3,12.5,8.1,11,11.5,5,10.5
12434,5,11,10,61,7,29,0.8541666666666666,124.97561813186815,7.147368421052631,208.21942697414386,6.462962962962963,8.068965517241379,4,1,3.5,1,11,2.5172413793103448,2.5,1,1,3,2.5,7.672413793103448,4.3,5,8.2,6,5.5,9.758620689655173,18.5,4,9,24,18
12437,6,11,8,54,22,18,0.7708333333333334,74.66064043483402,5.916666666666667,101.76705833848689,5.648148148148148,,,,,,,2.1379310344827585,1.9,1,1,1,3.25,6.517241379310345,8.3,8,5.5,8,8,21.103448275862068,23.2,19,20.833333333333332,24,23
12438,3,3,,36,,6,0.6041666666666666,,,254.9122933141624,6.851851851851852,10.46551724137931,17,1,1,16,21,4.0344827586206895,3.8,1,2.3333333333333335,5,4.25,7.862068965517241,10.3,3,6.666666666666667,6,10.75,19.20689655172414,22.5,10,19.285714285714285,24,22.75
12439,7,12,6,24,22,11,0.4791666666666667,51.16586593456873,4.691489361702128,154.37773195876275,4.377358490566038,16.82758620689655,19.5,10,9.5,46,19.75,2.810344827586207,2.8,1,2.5,6,3.25,9.827586206896552,10.9,8,9.833333333333334,9,11.75,22.551724137931036,22.4,23,21.8,24,22.5
12443,6,11,4,,19,10,0.8958333333333334,43.92156196943972,4.8125,229.52777777777771,5.907407407407407,12.206896551724139,13.5,1,7.666666666666667,1,14.75,2.396551724137931,1.9,1,1,3,2.5,3.793103448275862,2.9,2,2.75,3,3,13.017241379310345,11.1,11,10,6,12.5
12444,6,16,7,63,25,15,0.5833333333333334,112.42436428149017,6.4945054945054945,140.04227140783757,5.722222222222222,10.051724137931034,17.5,1,6,6,18.5,2.8620689655172415,2.9,1,1.5,3,3,8.844827586206897,10.1,9,7.2,11,10.25,22.137931034482758,22.9,22,22.25,23,22.75
12445,7,11,8,44,21,26,0.5625,97.23123569794052,6.208333333333333,161.10522680174995,7.849056603773585,20.310344827586206,9.8,10,12.5,11,10.5,2.310344827586207,2.2,1,2,4,2.5,8.810344827586206,9.5,6,7.5,8,9.5,22.810344827586206,23.2,15,20.6,24,23
12446,13,13,4,50,32,26,0.8125,145.20663615560647,6.526315789473684,213.4070580013978,5.314814814814815,16.913793103448278,15.4,1,9.5,46,26.5,4.155172413793103,5.5,1,3,,6.75,6.620689655172414,11.3,5,6,11,11.75,22.689655172413794,22.4,23,22,19,22.75
12447,11,12,6,62,14,26,0.5,135.08323095823096,7.493827160493828,92.87753319357091,5.537037037037037,5.568965517241379,3.5,1,1,6,8.5,2.2241379310344827,2.9,1,1.5,1,3,5.224137931034483,4.3,3,3,4,4,10.913793103448276,8.9,9,8.25,13,9.5
12448,15,19,14,80,37,41,0.875,87.0226449275363,6.208333333333333,136.31775700934577,6.62962962962963,6.689655172413793,7,1,1,1,8.5,1.8793103448275863,1.9,1,1,3,2.5,4.293103448275862,1.9,5,2.6666666666666665,5,2.75,8.086206896551724,3.7,3,7.333333333333333,1,6.5
12451,5,7,4,38,12,18,0.9375,101.50611790878759,5.644444444444445,7.2053701015966,4.555555555555555,14.931034482758621,17.5,10,8.6,26,19.75,2.396551724137931,2.1,1,1.5,2,2.5,5.293103448275862,1.9,1,2.3333333333333335,5,3,11.53448275862069,6.5,15,11.5,1,11.75
12453,7,20,8,54,28,,0.6666666666666666,59.92708333333337,4.791666666666667,280.38938216796146,6.433962264150943,13.448275862068966,20.5,1,9.333333333333334,11,21,3.1551724137931036,2.1,1,2.5,6,3,4.413793103448276,3.4,1,2.3333333333333335,1,4,17.79310344827586,22.3,7,15.25,24,22.5
12454,8,16,9,46,18,18,0.625,151.35505319148933,8.691489361702128,134.45707070707067,8.037037037037036,22.24137931034483,28.5,5,17.333333333333332,11,31,4.931034482758621,3.6,1,2.6666666666666665,2,4,4.689655172413793,5.9,2,2.3333333333333335,6,6.25,19.20689655172414,18.1,19,17.5,21,19.5
12455,8,15,8,21,27,17,0.875,24.96875,4.09375,213.9669811320755,6.7407407407407405,7.724137931034483,12.5,1,3.5,1,13.5,2.6724137931034484,1.9,2,1.5,1,2.5,2.5517241379310347,2.6,1,1.5,1,3,21.310344827586206,20.9,23,21,21,21.25
12456,5,2,3,,3,1,0.5208333333333334,,,36.981481481481524,4.425925925925926,9.310344827586206,16.5,1,3.5,11,18.5,2.4482758620689653,2.2,1,1,1,3,9.827586206896552,12.5,13,10.166666666666666,13,12.5,22.620689655172413,21.5,24,21.8,20,21.5
12457,4,12,7,19,19,20,0.6875,120.98759689922474,6.626373626373627,87.80056022408962,6.111111111111111,10.137931034482758,7.5,1,3.5,1,8.5,2.0689655172413794,2.6,1,1.5,1,3,4.655172413793103,3.1,3,2.5,5,3.25,20.56896551724138,23.6,17,20.571428571428573,22,23.5
12458,9,7,5,,36,31,0.7708333333333334,85.29944008958569,5.446808510638298,227.0934343434344,6.673469387755102,10.137931034482758,7.5,1,3.5,1,8.5,2.793103448275862,1.6,,2.5,4,2.5,5.551724137931035,4.5,5,4.6,7,5.75,21.74137931034483,22.8,15,20.166666666666668,23,22.5
12460,4,9,5,43,16,23,0.9375,71.53344298245617,5.729166666666667,128.99735849056606,6.37037037037037,17.29310344827586,14.5,1,11,31,23.5,3.1551724137931036,5.1,1,2.6666666666666665,6,5.5,4.775862068965517,3.5,4,3.8,6,3.5,14.293103448275861,16.5,14,12.6,13,15.25
12461,7,13,5,41,20,25,0.7916666666666666,42.51206140350877,4.989583333333333,75.2358490566038,5.388888888888889,8.586206896551724,14.5,1,3.5,21,18.5,2.5689655172413794,2.6,1,1.5,1,4,4.827586206896552,6.7,5,4,12,7,14.913793103448276,11.5,13,14.5,16,13.25
12462,3,8,5,3,0,0,0.4375,123.08654970760233,6.417582417582418,-6.131027253668776,3.9444444444444446,14.672413793103448,14.5,1,6,21,16,2.689655172413793,4.1,1,2,1,4.5,,,,,,,22.982758620689655,23,24,22,22,23.25
12463,9,15,13,54,27,24,1,85.74378881987582,5.494623655913978,202.4175053918044,6.351851851851852,12.60344827586207,14.5,5,5.75,21,18.5,2.3275862068965516,1.6,1,1,1,2.5,7.448275862068965,7.1,7,5.25,8,7.5,9.258620689655173,3.7,10,9.75,1,6.5
12464,4,13,5,36,13,16,0.5208333333333334,49.90026595744678,4.510416666666667,166.99119338605317,7,10.051724137931034,12.5,1,6,11,13.5,2.8275862068965516,1.7,1,2,1,4.5,4.603448275862069,5.7,2,2,5,5.25,19.67241379310345,22.4,13,19.166666666666668,19,23
12467,10,13,9,69,19,,0.8541666666666666,47.85643388869187,4.354838709677419,184.9423480083857,6.333333333333333,8.017241379310345,7.5,1,3.5,1,8.5,1.7241379310344827,1.6,1,1,1,2.5,3.706896551724138,3.7,4,2.5,1,4,21.25862068965517,21.3,24,20.666666666666668,21,21
12468,14,9,8,62,12,20,0.625,116.62692847124833,6.273684210526316,131.35398860398857,6.037037037037037,9.448275862068966,7,1,6,1,8.5,2.7586206896551726,3,1,2.5,1,3.5,10.293103448275861,10.5,11,9.166666666666666,11,10.5,20.82758620689655,23.2,15,19.833333333333332,21,23.5
12469,11,12,8,47,31,9,0.8333333333333334,62.96443228454177,6.962025316455696,160.94296296296295,7.018518518518518,13.362068965517242,13,6,8.5,16,12.25,2.8620689655172415,2.2,1,2,1,3.5,7.637931034482759,8.9,1,5.333333333333333,11,9.75,12.017241379310345,10.1,9,8.75,9,9.25
12470,8,15,11,72,13,18,0.625,73.39762068176617,5.364583333333333,,,11.344827586206897,7.5,1,6,21,9.75,2.5517241379310347,2.6,1,1.5,2,3,6.775862068965517,6.9,8,5.75,7,7.5,12.568965517241379,13.3,6,10.4,17,14.5
12472,7,10,9,57,30,21,0.625,125.01126126126121,6.888888888888889,100.5709751366602,5.333333333333333,21.482758620689655,26.5,1,14.333333333333334,31,28.5,3.396551724137931,2.7,1,2.3333333333333335,2,2.5,7.948275862068965,8.9,3,5.666666666666667,13,9.25,20.913793103448278,23.3,23,21.5,23,23
12473,13,20,10,53,20,23,0.8958333333333334,84.55230496453902,5.726315789473684,241.6281452192668,7.2407407407407405,9.017241379310345,14.5,1,8.5,31,16,3.293103448275862,3.7,1,2.3333333333333335,1,4,6.4655172413793105,8.3,2,4.75,8,8,10.913793103448276,14.9,5,9,21,17.5
12474,11,14,7,60,26,22,1,88.92138157894738,4.852631578947369,210.9972766884532,6.2407407407407405,7.724137931034483,7,1,1,1,11,1.3103448275862069,1,1,1,1,2.5,3.913793103448276,3.7,1,2.3333333333333335,3,3.5,11.051724137931034,12.1,7,10.5,9,12.5
12475,6,12,7,53,16,9,0.75,58.3281798245614,4.6421052631578945,185.31267806267806,5.555555555555555,12.637931034482758,14.5,1,9.333333333333334,11,16,3.4655172413793105,3.3,1,2.5,3,3.5,6.896551724137931,9.5,7,4,10,9.25,18.913793103448278,17.1,17,18.333333333333332,20,18.25
12476,7,15,,56,25,17,0.3541666666666667,149.48423028785987,7.914893617021277,214.0672169811321,7.592592592592593,15.655172413793103,9.5,6,11,36,9.75,2.7413793103448274,2.6,1,1.5,3,3,8.068965517241379,10.4,1,6.428571428571429,8,11,18.586206896551722,22.5,11,18.5,22,22.25
12477,14,21,15,82,52,41,0.9583333333333334,99.3740196078432,7.760416666666667,76.53265306122444,6.018518518518518,14.362068965517242,10,1,6,6,11,2.293103448275862,2.2,1,1,1,2.5,3.189655172413793,1.9,1,1,1,2.5,4.810344827586207,2.9,5,3.6,1,3
12478,11,14,7,73,33,22,0.9375,38.39594298245606,4.333333333333333,88.11320754716985,4.925925925925926,12.206896551724139,9,1,6,1,11,2,1.6,1,1,1,3,3.8793103448275863,3.5,4,2.5,1,4,,,,,,
12480,7,9,9,41,24,14,0.8333333333333334,61.40625,4.760416666666667,136.20754716981128,5.925925925925926,14.189655172413794,14.5,1,9.333333333333334,11,12.25,2.413793103448276,2.6,1,1.5,1,3.5,4.913793103448276,2.2,9,5,1,2.5,12.017241379310345,13.7,12,9.8,21,12.25
12481,13,12,11,63,25,17,0.9791666666666666,92.16465053763432,5.182795698924731,56.97251236943373,5.425925925925926,9.086206896551724,7,5,5.666666666666667,1,8.5,2.103448275862069,2.2,1,1,1,2.5,3.5344827586206895,3,2,2.3333333333333335,4,3.5,14.568965517241379,19.7,9,13.5,17,19
12482,4,26,12,70,8,12,0.5416666666666666,107.41023936170211,5.957446808510638,89.40896358543421,6.037037037037037,9.620689655172415,4.5,1,6,1,11,2.1379310344827585,2.6,1,1,4,3,2.9482758620689653,3,1,1.5,4,3,,,,,,
12483,9,12,8,69,39,28,0.9166666666666666,97.79248120300753,6.168421052631579,215.7337364852483,6.537037037037037,11.344827586206897,8.5,1,3.5,1,8.5,2.4827586206896552,1.6,1,1.5,4,3.5,6.413793103448276,4.7,8,4.666666666666667,6,4.75,19.017241379310345,18.5,17,18,19,19
12485,7,15,6,51,21,14,0.9375,100.58881578947364,5.96875,93.9368650217707,5.314814814814815,9.189655172413794,8.5,1,3.5,6,11,2.8275862068965516,3.4,1,2.5,4,3.25,6.413793103448276,8.3,2,4.833333333333333,10,8.25,,,,,,
12486,7,8,6,29,14,11,0.9166666666666666,129.60814940577245,7.020833333333333,48.097407407407445,4.203703703703703,23.75862068965517,22.5,1,12.25,11,23.5,2.810344827586207,3.3,1,2,3,3.5,7.706896551724138,8.3,13,9,10,8,20.79310344827586,22.6,20,22.25,24,23.25
12488,13,22,13,66,32,29,0.9583333333333334,121.82291666666674,5.927083333333333,107.48238677210645,5.907407407407407,7.5,9,1,1,16,11,2.8793103448275863,2.2,1,2,2,2.5,7.379310344827586,6.1,9,5.5,9,6.25,9.741379310344827,8.5,5,8.333333333333334,17,10.5
12490,6,14,7,51,35,,0.8541666666666666,73.52319259687687,5.536842105263158,223.402380952381,7.87037037037037,9.39655172413793,10.5,1,6,21,13.5,2.810344827586207,2.7,1,1,1,3,6.827586206896552,6.9,11,6.75,5,7.75,21.70689655172414,21.8,13,20,23,23.5
12492,8,,5,40,28,,0.9166666666666666,157.54054366685943,7.3578947368421055,123.51757009345795,6.444444444444445,12.844827586206897,18.5,1,8.5,21,19.75,2.913793103448276,2.2,1,1,1,2.5,8.258620689655173,8.3,6,7,12,9.25,8.724137931034482,14.1,13,8.6,11,14.25
12035,11,17,5,69,16,21,,135.23260869565217,6.655913978494624,90.14593817397554,5.037037037037037,8.155172413793103,5,1,1,6,11,2.3275862068965516,2.1,1,1,2,2.5,6.017241379310345,4.1,4,3.5,7,4.5,10.224137931034482,15.3,7,9.2,13,13.75
